GVM CORPORATION GLOBAL VETERINARY MEDICINE S A S;;;;;;;;;
Libro Auxiliar entre el 01/01/2026 y el 31/03/2026;;;;;;;;;
Elaborado Bajo Normas Locales;;;;;;;;;
Inventario;Cuenta;Tercero;Fecha;Nota;Cheque;Doc Num;Débitos;Créditos;Saldo
CAFETERA 40 TASAS ACTIF-031;152410 EQUIPOS;;31/12/2025;SALDO INICIAL;;;401.682,00;0,00;401.682,00
;Total 152410 EQUIPOS;;;;;;401.682,00;0,00;401.682,00
;159215 EQUIPO DE OFICINA;;31/12/2025;SALDO INICIAL;;;0,00;144.292,00;-144.292,00
;Total 159215 EQUIPO DE OFICINA;;;;;;0,00;144.292,00;-144.292,00
Total CAFETERA 40 TASAS ACTIF-031;;;;;;;401.682,00;144.292,00;257.390,00
ACTIF-044 IMPRESORA MULTIFUNSIONAL RICOH LASER SP 3710 EQIEWEQ;152805 EQUIPOS DE PROCESAMIENTO DE DATOS;;31/12/2025;SALDO INICIAL;;;1.963.500,00;0,00;1.963.500,00
;Total 152805 EQUIPOS DE PROCESAMIENTO DE DATOS;;;;;;1.963.500,00;0,00;1.963.500,00
;159220 EQUIPO DE COMPUTACION Y COMUNICACION;;31/12/2025;SALDO INICIAL;;;0,00;1.472.650,00;-1.472.650,00
;;GVM CORPORATION GLOBAL VETERINARY MEDICINE S A S;31/01/2026;DEPRECIACION ENERO 2026  ACTIF-044 IMPRESORA MULTIFUNSIONAL RICOH LASER SP 3710;;(GCG) dp 96;0,00;29.453,00;-1.502.103,00
;;GVM CORPORATION GLOBAL VETERINARY MEDICINE S A S;28/02/2026;DEPRECIACION FEBRERO 2026  ACTIF-044 IMPRESORA MULTIFUNSIONAL RICOH LASER SP 3710;;(GCG) dp 97;0,00;29.453,00;-1.531.556,00
;;GVM CORPORATION GLOBAL VETERINARY MEDICINE S A S;31/03/2026;DEPRECIACION MARZO 2026  ACTIF-044 IMPRESORA MULTIFUNSIONAL RICOH LASER SP 3710;;(GCG) dp 98;0,00;29.453,00;-1.561.009,00
;Total 159220 EQUIPO DE COMPUTACION Y COMUNICACION;;;;;;0,00;1.561.009,00;-1.561.009,00
Total ACTIF-044 IMPRESORA MULTIFUNSIONAL RICOH LASER SP 3710 EQIEWEQ;;;;;;;1.963.500,00;1.561.009,00;402.491,00
ANAQUEL METALICO ACTIF-143;152405 MUEBLES Y ENSERES;;31/12/2025;SALDO INICIAL;;;892.500,00;0,00;892.500,00
;Total 152405 MUEBLES Y ENSERES;;;;;;892.500,00;0,00;892.500,00
;159215 EQUIPO DE OFICINA;;31/12/2025;SALDO INICIAL;;;0,00;33.470,00;-33.470,00
;;GVM CORPORATION GLOBAL VETERINARY MEDICINE S A S;31/01/2026;DEPRECIACION ENERO 2026  ANAQUEL METALICO;;(GCG) dp 96;0,00;6.694,00;-40.164,00
;;GVM CORPORATION GLOBAL VETERINARY MEDICINE S A S;28/02/2026;DEPRECIACION FEBRERO 2026  ANAQUEL METALICO;;(GCG) dp 97;0,00;6.694,00;-46.858,00
;;GVM CORPORATION GLOBAL VETERINARY MEDICINE S A S;31/03/2026;DEPRECIACION MARZO 2026  ANAQUEL METALICO;;(GCG) dp 98;0,00;6.694,00;-53.552,00
;Total 159215 EQUIPO DE OFICINA;;;;;;0,00;53.552,00;-53.552,00
Total ANAQUEL METALICO ACTIF-143;;;;;;;892.500,00;53.552,00;838.948,00
ANTENA UBIQUITI LR ACTIF-036 ANTENA UBIQUITI LR;152805 EQUIPOS DE PROCESAMIENTO DE DATOS;;31/12/2025;SALDO INICIAL;;;680.000,00;0,00;680.000,00
;Total 152805 EQUIPOS DE PROCESAMIENTO DE DATOS;;;;;;680.000,00;0,00;680.000,00
;159220 EQUIPO DE COMPUTACION Y COMUNICACION;;31/12/2025;SALDO INICIAL;;;0,00;612.000,00;-612.000,00
;Total 159220 EQUIPO DE COMPUTACION Y COMUNICACION;;;;;;0,00;612.000,00;-612.000,00
Total ANTENA UBIQUITI LR ACTIF-036 ANTENA UBIQUITI LR;;;;;;;680.000,00;612.000,00;68.000,00
APARTAMENTO 806 TORRE 4 TORRES DE SAN DIEGO ESC. 00739 ACTIF-053 APARTAMENTO 806 TORRE 4 FUSAGASUGA;151605 EDIFICIOS;;31/12/2025;SALDO INICIAL;;;325.000.000,00;0,00;325.000.000,00
;Total 151605 EDIFICIOS;;;;;;325.000.000,00;0,00;325.000.000,00
;159205 CONSTRUCCIONES Y EDIFICACIONES;;31/12/2025;SALDO INICIAL;;;0,00;24.916.406,00;-24.916.406,00
;;GVM CORPORATION GLOBAL VETERINARY MEDICINE S A S;31/01/2026;DEPRECIACION ENERO 2026  APARTAMENTO 806 TORRE 4 TORRES DE SAN DIEGO ESC. 00739;;(GCG) dp 96;0,00;541.661,00;-25.458.067,00
;;GVM CORPORATION GLOBAL VETERINARY MEDICINE S A S;28/02/2026;DEPRECIACION FEBRERO 2026  APARTAMENTO 806 TORRE 4 TORRES DE SAN DIEGO ESC. 00739;;(GCG) dp 97;0,00;541.661,00;-25.999.728,00
;;GVM CORPORATION GLOBAL VETERINARY MEDICINE S A S;31/03/2026;DEPRECIACION MARZO 2026  APARTAMENTO 806 TORRE 4 TORRES DE SAN DIEGO ESC. 00739;;(GCG) dp 98;0,00;541.661,00;-26.541.389,00
;Total 159205 CONSTRUCCIONES Y EDIFICACIONES;;;;;;0,00;26.541.389,00;-26.541.389,00
Total APARTAMENTO 806 TORRE 4 TORRES DE SAN DIEGO ESC. 00739 ACTIF-053 APARTAMENTO 806 TORRE 4 FUSAGASUGA;;;;;;;325.000.000,00;26.541.389,00;298.458.611,00
APOYAPIES ARTICULAR K01 ACTIF-042 APOYAPIES;152405 MUEBLES Y ENSERES;;31/12/2025;SALDO INICIAL;;;888.312,00;0,00;888.312,00
;Total 152405 MUEBLES Y ENSERES;;;;;;888.312,00;0,00;888.312,00
;159215 EQUIPO DE OFICINA;;31/12/2025;SALDO INICIAL;;;0,00;353.086,00;-353.086,00
;;GVM CORPORATION GLOBAL VETERINARY MEDICINE S A S;31/01/2026;DEPRECIACION ENERO 2026  APOYAPIES ARTICULAR K01;;(GCG) dp 96;0,00;6.662,00;-359.748,00
;;GVM CORPORATION GLOBAL VETERINARY MEDICINE S A S;28/02/2026;DEPRECIACION FEBRERO 2026  APOYAPIES ARTICULAR K01;;(GCG) dp 97;0,00;6.662,00;-366.410,00
;;GVM CORPORATION GLOBAL VETERINARY MEDICINE S A S;31/03/2026;DEPRECIACION MARZO 2026  APOYAPIES ARTICULAR K01;;(GCG) dp 98;0,00;6.662,00;-373.072,00
;Total 159215 EQUIPO DE OFICINA;;;;;;0,00;373.072,00;-373.072,00
Total APOYAPIES ARTICULAR K01 ACTIF-042 APOYAPIES;;;;;;;888.312,00;373.072,00;515.240,00
APPLE PENCIL PRO-AME ACTIF-127;152805 EQUIPOS DE PROCESAMIENTO DE DATOS;;31/12/2025;SALDO INICIAL;;;799.000,00;0,00;799.000,00
;Total 152805 EQUIPOS DE PROCESAMIENTO DE DATOS;;;;;;799.000,00;0,00;799.000,00
;159220 EQUIPO DE COMPUTACION Y COMUNICACION;;31/12/2025;SALDO INICIAL;;;0,00;191.760,00;-191.760,00
;;GVM CORPORATION GLOBAL VETERINARY MEDICINE S A S;31/01/2026;DEPRECIACION ENERO 2026  APPLE PENCIL PRO-AME;;(GCG) dp 96;0,00;11.985,00;-203.745,00
;;GVM CORPORATION GLOBAL VETERINARY MEDICINE S A S;28/02/2026;DEPRECIACION FEBRERO 2026  APPLE PENCIL PRO-AME;;(GCG) dp 97;0,00;11.985,00;-215.730,00
;;GVM CORPORATION GLOBAL VETERINARY MEDICINE S A S;31/03/2026;DEPRECIACION MARZO 2026  APPLE PENCIL PRO-AME;;(GCG) dp 98;0,00;11.985,00;-227.715,00
;Total 159220 EQUIPO DE COMPUTACION Y COMUNICACION;;;;;;0,00;227.715,00;-227.715,00
Total APPLE PENCIL PRO-AME ACTIF-127;;;;;;;799.000,00;227.715,00;571.285,00
ARCHIVADOR ACTIF-028;152405 MUEBLES Y ENSERES;;31/12/2025;SALDO INICIAL;;;350.000,00;0,00;350.000,00
;Total 152405 MUEBLES Y ENSERES;;;;;;350.000,00;0,00;350.000,00
;159215 EQUIPO DE OFICINA;;31/12/2025;SALDO INICIAL;;;0,00;315.000,00;-315.000,00
;Total 159215 EQUIPO DE OFICINA;;;;;;0,00;315.000,00;-315.000,00
Total ARCHIVADOR ACTIF-028;;;;;;;350.000,00;315.000,00;35.000,00
ARCHIVADOR ACTIF-042 ARCHIVADOR;152405 MUEBLES Y ENSERES;;31/12/2025;SALDO INICIAL;;;330.000,00;0,00;330.000,00
;Total 152405 MUEBLES Y ENSERES;;;;;;330.000,00;0,00;330.000,00
;159215 EQUIPO DE OFICINA;;31/12/2025;SALDO INICIAL;;;0,00;297.000,00;-297.000,00
;Total 159215 EQUIPO DE OFICINA;;;;;;0,00;297.000,00;-297.000,00
Total ARCHIVADOR ACTIF-042 ARCHIVADOR;;;;;;;330.000,00;297.000,00;33.000,00
ARCHIVADOR MIXTO (175X90X48) ACTIF-063 ARCHIVADOR MIXTO;152405 MUEBLES Y ENSERES;;31/12/2025;SALDO INICIAL;;;1.191.000,00;0,00;1.191.000,00
;Total 152405 MUEBLES Y ENSERES;;;;;;1.191.000,00;0,00;1.191.000,00
;159215 EQUIPO DE OFICINA;;31/12/2025;SALDO INICIAL;;;0,00;366.253,00;-366.253,00
;;GVM CORPORATION GLOBAL VETERINARY MEDICINE S A S;31/01/2026;DEPRECIACION ENERO 2026  ARCHIVADOR MIXTO (175X90X48);;(GCG) dp 96;0,00;8.933,00;-375.186,00
;;GVM CORPORATION GLOBAL VETERINARY MEDICINE S A S;28/02/2026;DEPRECIACION FEBRERO 2026  ARCHIVADOR MIXTO (175X90X48);;(GCG) dp 97;0,00;8.933,00;-384.119,00
;;GVM CORPORATION GLOBAL VETERINARY MEDICINE S A S;31/03/2026;DEPRECIACION MARZO 2026  ARCHIVADOR MIXTO (175X90X48);;(GCG) dp 98;0,00;8.933,00;-393.052,00
;Total 159215 EQUIPO DE OFICINA;;;;;;0,00;393.052,00;-393.052,00
Total ARCHIVADOR MIXTO (175X90X48) ACTIF-063 ARCHIVADOR MIXTO;;;;;;;1.191.000,00;393.052,00;797.948,00
BIBLIOTECA COVALT 16 ACTIF-117;152405 MUEBLES Y ENSERES;;31/12/2025;SALDO INICIAL;;;213.879,00;0,00;213.879,00
;Total 152405 MUEBLES Y ENSERES;;;;;;213.879,00;0,00;213.879,00
;159215 EQUIPO DE OFICINA;;31/12/2025;SALDO INICIAL;;;0,00;33.684,00;-33.684,00
;;GVM CORPORATION GLOBAL VETERINARY MEDICINE S A S;31/01/2026;DEPRECIACION ENERO 2026  BIBLIOTECA COVALT 16;;(GCG) dp 96;0,00;1.604,00;-35.288,00
;;GVM CORPORATION GLOBAL VETERINARY MEDICINE S A S;28/02/2026;DEPRECIACION FEBRERO 2026  BIBLIOTECA COVALT 16;;(GCG) dp 97;0,00;1.604,00;-36.892,00
;;GVM CORPORATION GLOBAL VETERINARY MEDICINE S A S;31/03/2026;DEPRECIACION MARZO 2026  BIBLIOTECA COVALT 16;;(GCG) dp 98;0,00;1.604,00;-38.496,00
;Total 159215 EQUIPO DE OFICINA;;;;;;0,00;38.496,00;-38.496,00
Total BIBLIOTECA COVALT 16 ACTIF-117;;;;;;;213.879,00;38.496,00;175.383,00
"CAFETERA KALLEY CM500K 12TZ""NG ACTIF-047 CAFETERA KALLEY CM500K 12TZ""NG";152405 MUEBLES Y ENSERES;;31/12/2025;SALDO INICIAL;;;91.525,00;0,00;91.525,00
;Total 152405 MUEBLES Y ENSERES;;;;;;91.525,00;0,00;91.525,00
;159215 EQUIPO DE OFICINA;;31/12/2025;SALDO INICIAL;;;0,00;82.372,00;-82.372,00
;Total 159215 EQUIPO DE OFICINA;;;;;;0,00;82.372,00;-82.372,00
"Total CAFETERA KALLEY CM500K 12TZ""NG ACTIF-047 CAFETERA KALLEY CM500K 12TZ""NG";;;;;;;91.525,00;82.372,00;9.153,00
CAJA REGISTRADORA C-280 ACTIF-098;152805 EQUIPOS DE PROCESAMIENTO DE DATOS;;31/12/2025;SALDO INICIAL;;;1.020.000,00;0,00;1.020.000,00
;Total 152805 EQUIPOS DE PROCESAMIENTO DE DATOS;;;;;;1.020.000,00;0,00;1.020.000,00
;159220 EQUIPO DE COMPUTACION Y COMUNICACION;;31/12/2025;SALDO INICIAL;;;0,00;351.900,00;-351.900,00
;;GVM CORPORATION GLOBAL VETERINARY MEDICINE S A S;31/01/2026;DEPRECIACION ENERO 2026  CAJA REGISTRADORA C-280;;(GCG) dp 96;0,00;15.300,00;-367.200,00
;;GVM CORPORATION GLOBAL VETERINARY MEDICINE S A S;28/02/2026;DEPRECIACION FEBRERO 2026  CAJA REGISTRADORA C-280;;(GCG) dp 97;0,00;15.300,00;-382.500,00
;;GVM CORPORATION GLOBAL VETERINARY MEDICINE S A S;31/03/2026;DEPRECIACION MARZO 2026  CAJA REGISTRADORA C-280;;(GCG) dp 98;0,00;15.300,00;-397.800,00
;Total 159220 EQUIPO DE COMPUTACION Y COMUNICACION;;;;;;0,00;397.800,00;-397.800,00
Total CAJA REGISTRADORA C-280 ACTIF-098;;;;;;;1.020.000,00;397.800,00;622.200,00
CALENTADOR OKA 5,5 L ACTIF-068 CALENTADOR OKA 5,5 L;152005 MAQUINARIA Y EQUIPO;;31/12/2025;SALDO INICIAL;;;800.000,00;0,00;800.000,00
;Total 152005 MAQUINARIA Y EQUIPO;;;;;;800.000,00;0,00;800.000,00
;159210 MAQUINARIA Y EQUIPO;;31/12/2025;SALDO INICIAL;;;0,00;246.000,00;-246.000,00
;;GVM CORPORATION GLOBAL VETERINARY MEDICINE S A S;31/01/2026;DEPRECIACION ENERO 2026  CALENTADOR OKA 5,5 L;;(GCG) dp 96;0,00;6.000,00;-252.000,00
;;GVM CORPORATION GLOBAL VETERINARY MEDICINE S A S;28/02/2026;DEPRECIACION FEBRERO 2026  CALENTADOR OKA 5,5 L;;(GCG) dp 97;0,00;6.000,00;-258.000,00
;;GVM CORPORATION GLOBAL VETERINARY MEDICINE S A S;31/03/2026;DEPRECIACION MARZO 2026  CALENTADOR OKA 5,5 L;;(GCG) dp 98;0,00;6.000,00;-264.000,00
;Total 159210 MAQUINARIA Y EQUIPO;;;;;;0,00;264.000,00;-264.000,00
Total CALENTADOR OKA 5,5 L ACTIF-068 CALENTADOR OKA 5,5 L;;;;;;;800.000,00;264.000,00;536.000,00
CAMARA TIPO  BALA EXTERIOR  2 MPX ACTIF-035 CAMARA TIPO  BALA EXTERIOR  2 MPX;152805 EQUIPOS DE PROCESAMIENTO DE DATOS;;31/12/2025;SALDO INICIAL;;;260.000,00;0,00;260.000,00
;Total 152805 EQUIPOS DE PROCESAMIENTO DE DATOS;;;;;;260.000,00;0,00;260.000,00
;159220 EQUIPO DE COMPUTACION Y COMUNICACION;;31/12/2025;SALDO INICIAL;;;0,00;234.000,00;-234.000,00
;Total 159220 EQUIPO DE COMPUTACION Y COMUNICACION;;;;;;0,00;234.000,00;-234.000,00
Total CAMARA TIPO  BALA EXTERIOR  2 MPX ACTIF-035 CAMARA TIPO  BALA EXTERIOR  2 MPX;;;;;;;260.000,00;234.000,00;26.000,00
CAMARA TIPO DOMO DE INTERIOR 2 MPX ACTIF-034 CAMARA TIPO DOMO DE INTERIOR 2 MPX;152805 EQUIPOS DE PROCESAMIENTO DE DATOS;;31/12/2025;SALDO INICIAL;;;450.000,00;0,00;450.000,00
;Total 152805 EQUIPOS DE PROCESAMIENTO DE DATOS;;;;;;450.000,00;0,00;450.000,00
;159220 EQUIPO DE COMPUTACION Y COMUNICACION;;31/12/2025;SALDO INICIAL;;;0,00;405.000,00;-405.000,00
;Total 159220 EQUIPO DE COMPUTACION Y COMUNICACION;;;;;;0,00;405.000,00;-405.000,00
Total CAMARA TIPO DOMO DE INTERIOR 2 MPX ACTIF-034 CAMARA TIPO DOMO DE INTERIOR 2 MPX;;;;;;;450.000,00;405.000,00;45.000,00
CAMION CHEVROLET NLR AC E6 ACTIF-097;154008 CAMIONES, VOLQUETAS Y FURGONES;;31/12/2025;SALDO INICIAL;;;105.798.319,00;0,00;105.798.319,00
;Total 154008 CAMIONES, VOLQUETAS Y FURGONES;;;;;;105.798.319,00;0,00;105.798.319,00
;159235 FLOTA Y EQUIPO DE TRANSPORTE;;31/12/2025;SALDO INICIAL;;;0,00;19.043.688,00;-19.043.688,00
;;GVM CORPORATION GLOBAL VETERINARY MEDICINE S A S;31/01/2026;DEPRECIACION ENERO 2026  CAMION CHEVROLET NLR AC E6;;(GCG) dp 96;0,00;793.487,00;-19.837.175,00
;;GVM CORPORATION GLOBAL VETERINARY MEDICINE S A S;28/02/2026;DEPRECIACION FEBRERO 2026  CAMION CHEVROLET NLR AC E6;;(GCG) dp 97;0,00;793.487,00;-20.630.662,00
;;GVM CORPORATION GLOBAL VETERINARY MEDICINE S A S;31/03/2026;DEPRECIACION MARZO 2026  CAMION CHEVROLET NLR AC E6;;(GCG) dp 98;0,00;793.487,00;-21.424.149,00
;Total 159235 FLOTA Y EQUIPO DE TRANSPORTE;;;;;;0,00;21.424.149,00;-21.424.149,00
Total CAMION CHEVROLET NLR AC E6 ACTIF-097;;;;;;;105.798.319,00;21.424.149,00;84.374.170,00
CAMIONETA FORD RANGER LIMITED ANF4 ACTIF-128;154005 AUTOS, CAMIONETAS Y CAMPEROS;;31/12/2025;SALDO INICIAL;;;220.692.148,00;0,00;220.692.148,00
;Total 154005 AUTOS, CAMIONETAS Y CAMPEROS;;;;;;220.692.148,00;0,00;220.692.148,00
;159235 FLOTA Y EQUIPO DE TRANSPORTE;;31/12/2025;SALDO INICIAL;;;0,00;24.827.865,00;-24.827.865,00
;;GVM CORPORATION GLOBAL VETERINARY MEDICINE S A S;31/01/2026;DEPRECIACION ENERO 2026  CAMIONETA FORD RANGER LIMITED ANF4;;(GCG) dp 96;0,00;1.655.191,00;-26.483.056,00
;;GVM CORPORATION GLOBAL VETERINARY MEDICINE S A S;28/02/2026;DEPRECIACION FEBRERO 2026  CAMIONETA FORD RANGER LIMITED ANF4;;(GCG) dp 97;0,00;1.655.191,00;-28.138.247,00
;;GVM CORPORATION GLOBAL VETERINARY MEDICINE S A S;31/03/2026;DEPRECIACION MARZO 2026  CAMIONETA FORD RANGER LIMITED ANF4;;(GCG) dp 98;0,00;1.655.191,00;-29.793.438,00
;Total 159235 FLOTA Y EQUIPO DE TRANSPORTE;;;;;;0,00;29.793.438,00;-29.793.438,00
Total CAMIONETA FORD RANGER LIMITED ANF4 ACTIF-128;;;;;;;220.692.148,00;29.793.438,00;190.898.710,00
CAMIONETA NISSAN NP300 FRONTIER JEM931 ACTFI-027;159235 FLOTA Y EQUIPO DE TRANSPORTE;;31/12/2025;SALDO INICIAL;;;0,00;3.600.000,00;-3.600.000,00
;Total 159235 FLOTA Y EQUIPO DE TRANSPORTE;;;;;;0,00;3.600.000,00;-3.600.000,00
Total CAMIONETA NISSAN NP300 FRONTIER JEM931 ACTFI-027;;;;;;;0,00;3.600.000,00;-3.600.000,00
CAMIONETA TOYOTA FORTUNER SW4 SR 2,4 DIESEL A/T ACTIF-080 CAMIONETA TOYOTA;154005 AUTOS, CAMIONETAS Y CAMPEROS;;31/12/2025;SALDO INICIAL;;;193.889.764,00;0,00;193.889.764,00
;Total 154005 AUTOS, CAMIONETAS Y CAMPEROS;;;;;;193.889.764,00;0,00;193.889.764,00
;159235 FLOTA Y EQUIPO DE TRANSPORTE;;31/12/2025;SALDO INICIAL;;;0,00;47.987.709,00;-47.987.709,00
;;GVM CORPORATION GLOBAL VETERINARY MEDICINE S A S;31/01/2026;DEPRECIACION ENERO 2026  CAMIONETA TOYOTA FORTUNER SW4 SR 2,4 DIESEL A/T;;(GCG) dp 96;0,00;1.454.173,00;-49.441.882,00
;;GVM CORPORATION GLOBAL VETERINARY MEDICINE S A S;28/02/2026;DEPRECIACION FEBRERO 2026  CAMIONETA TOYOTA FORTUNER SW4 SR 2,4 DIESEL A/T;;(GCG) dp 97;0,00;1.454.173,00;-50.896.055,00
;;GVM CORPORATION GLOBAL VETERINARY MEDICINE S A S;31/03/2026;DEPRECIACION MARZO 2026  CAMIONETA TOYOTA FORTUNER SW4 SR 2,4 DIESEL A/T;;(GCG) dp 98;0,00;1.454.173,00;-52.350.228,00
;Total 159235 FLOTA Y EQUIPO DE TRANSPORTE;;;;;;0,00;52.350.228,00;-52.350.228,00
Total CAMIONETA TOYOTA FORTUNER SW4 SR 2,4 DIESEL A/T ACTIF-080 CAMIONETA TOYOTA;;;;;;;193.889.764,00;52.350.228,00;141.539.536,00
CAMIONETA TOYOTA HILUX DC 4X 4 ACTIF-125;154005 AUTOS, CAMIONETAS Y CAMPEROS;;31/12/2025;SALDO INICIAL;;;230.711.111,00;0,00;230.711.111,00
;Total 154005 AUTOS, CAMIONETAS Y CAMPEROS;;;;;;230.711.111,00;0,00;230.711.111,00
;159235 FLOTA Y EQUIPO DE TRANSPORTE;;31/12/2025;SALDO INICIAL;;;0,00;27.685.328,00;-27.685.328,00
;;GVM CORPORATION GLOBAL VETERINARY MEDICINE S A S;31/01/2026;DEPRECIACION ENERO 2026  CAMIONETA TOYOTA HILUX DC 4X 4;;(GCG) dp 96;0,00;1.730.333,00;-29.415.661,00
;;GVM CORPORATION GLOBAL VETERINARY MEDICINE S A S;28/02/2026;DEPRECIACION FEBRERO 2026  CAMIONETA TOYOTA HILUX DC 4X 4;;(GCG) dp 97;0,00;1.730.333,00;-31.145.994,00
;;GVM CORPORATION GLOBAL VETERINARY MEDICINE S A S;31/03/2026;DEPRECIACION MARZO 2026  CAMIONETA TOYOTA HILUX DC 4X 4;;(GCG) dp 98;0,00;1.730.333,00;-32.876.327,00
;Total 159235 FLOTA Y EQUIPO DE TRANSPORTE;;;;;;0,00;32.876.327,00;-32.876.327,00
Total CAMIONETA TOYOTA HILUX DC 4X 4 ACTIF-125;;;;;;;230.711.111,00;32.876.327,00;197.834.784,00
CARRO DE MANO PLEGABLE ACTIF-045 CARRO DE MANO PLEGABLE;152005 MAQUINARIA Y EQUIPO;;31/12/2025;SALDO INICIAL;;;639.901,00;0,00;639.901,00
;Total 152005 MAQUINARIA Y EQUIPO;;;;;;639.901,00;0,00;639.901,00
;159210 MAQUINARIA Y EQUIPO;;31/12/2025;SALDO INICIAL;;;0,00;575.911,00;-575.911,00
;Total 159210 MAQUINARIA Y EQUIPO;;;;;;0,00;575.911,00;-575.911,00
Total CARRO DE MANO PLEGABLE ACTIF-045 CARRO DE MANO PLEGABLE;;;;;;;639.901,00;575.911,00;63.990,00
CARRO PORTA ROLLO DE ZUNCHO ACTIF-119;152405 MUEBLES Y ENSERES;;31/12/2025;SALDO INICIAL;;;210.000,00;0,00;210.000,00
;Total 152405 MUEBLES Y ENSERES;;;;;;210.000,00;0,00;210.000,00
;159215 EQUIPO DE OFICINA;;31/12/2025;SALDO INICIAL;;;0,00;31.500,00;-31.500,00
;;GVM CORPORATION GLOBAL VETERINARY MEDICINE S A S;31/01/2026;DEPRECIACION ENERO 2026  CARRO PORTA ROLLO DE ZUNCHO;;(GCG) dp 96;0,00;1.575,00;-33.075,00
;;GVM CORPORATION GLOBAL VETERINARY MEDICINE S A S;28/02/2026;DEPRECIACION FEBRERO 2026  CARRO PORTA ROLLO DE ZUNCHO;;(GCG) dp 97;0,00;1.575,00;-34.650,00
;;GVM CORPORATION GLOBAL VETERINARY MEDICINE S A S;31/03/2026;DEPRECIACION MARZO 2026  CARRO PORTA ROLLO DE ZUNCHO;;(GCG) dp 98;0,00;1.575,00;-36.225,00
;Total 159215 EQUIPO DE OFICINA;;;;;;0,00;36.225,00;-36.225,00
Total CARRO PORTA ROLLO DE ZUNCHO ACTIF-119;;;;;;;210.000,00;36.225,00;173.775,00
CARROCERIA FURGON ACTIF-096;154008 CAMIONES, VOLQUETAS Y FURGONES;;31/12/2025;SALDO INICIAL;;;12.370.000,00;0,00;12.370.000,00
;Total 154008 CAMIONES, VOLQUETAS Y FURGONES;;;;;;12.370.000,00;0,00;12.370.000,00
;159235 FLOTA Y EQUIPO DE TRANSPORTE;;31/12/2025;SALDO INICIAL;;;0,00;2.226.600,00;-2.226.600,00
;;GVM CORPORATION GLOBAL VETERINARY MEDICINE S A S;31/01/2026;DEPRECIACION ENERO 2026  CARROCERIA FURGON;;(GCG) dp 96;0,00;92.775,00;-2.319.375,00
;;GVM CORPORATION GLOBAL VETERINARY MEDICINE S A S;28/02/2026;DEPRECIACION FEBRERO 2026  CARROCERIA FURGON;;(GCG) dp 97;0,00;92.775,00;-2.412.150,00
;;GVM CORPORATION GLOBAL VETERINARY MEDICINE S A S;31/03/2026;DEPRECIACION MARZO 2026  CARROCERIA FURGON;;(GCG) dp 98;0,00;92.775,00;-2.504.925,00
;Total 159235 FLOTA Y EQUIPO DE TRANSPORTE;;;;;;0,00;2.504.925,00;-2.504.925,00
Total CARROCERIA FURGON ACTIF-096;;;;;;;12.370.000,00;2.504.925,00;9.865.075,00
CELILAR MOTOROLA G56 256GB 5G VERDE ACTIF-158;152805 EQUIPOS DE PROCESAMIENTO DE DATOS;;31/12/2025;SALDO INICIAL;;;799.050,00;0,00;799.050,00
;Total 152805 EQUIPOS DE PROCESAMIENTO DE DATOS;;;;;;799.050,00;0,00;799.050,00
;159220 EQUIPO DE COMPUTACION Y COMUNICACION;;31/12/2025;SALDO INICIAL;;;0,00;35.958,00;-35.958,00
;;GVM CORPORATION GLOBAL VETERINARY MEDICINE S A S;31/01/2026;DEPRECIACION ENERO 2026  CELILAR MOTOROLA G56 256GB 5G VERDE;;(GCG) dp 96;0,00;11.986,00;-47.944,00
;;GVM CORPORATION GLOBAL VETERINARY MEDICINE S A S;28/02/2026;DEPRECIACION FEBRERO 2026  CELILAR MOTOROLA G56 256GB 5G VERDE;;(GCG) dp 97;0,00;11.986,00;-59.930,00
;;GVM CORPORATION GLOBAL VETERINARY MEDICINE S A S;31/03/2026;DEPRECIACION MARZO 2026  CELILAR MOTOROLA G56 256GB 5G VERDE;;(GCG) dp 98;0,00;11.986,00;-71.916,00
;Total 159220 EQUIPO DE COMPUTACION Y COMUNICACION;;;;;;0,00;71.916,00;-71.916,00
Total CELILAR MOTOROLA G56 256GB 5G VERDE ACTIF-158;;;;;;;799.050,00;71.916,00;727.134,00
CELULAR  MOTOROLA 4G  G9PLAY ACTIF-039 CELULAR 4G MOTOROLA G9;152810 EQUIPOS DE TELECOMUNICACIONES;;31/12/2025;SALDO INICIAL;;;499.900,00;0,00;499.900,00
;Total 152810 EQUIPOS DE TELECOMUNICACIONES;;;;;;499.900,00;0,00;499.900,00
;159220 EQUIPO DE COMPUTACION Y COMUNICACION;;31/12/2025;SALDO INICIAL;;;0,00;449.910,00;-449.910,00
;Total 159220 EQUIPO DE COMPUTACION Y COMUNICACION;;;;;;0,00;449.910,00;-449.910,00
Total CELULAR  MOTOROLA 4G  G9PLAY ACTIF-039 CELULAR 4G MOTOROLA G9;;;;;;;499.900,00;449.910,00;49.990,00
CELULAR GALAXY A 12 128 GB ACTIF-044 CELULAR GALAXY A 12 128 GB;152810 EQUIPOS DE TELECOMUNICACIONES;;31/12/2025;SALDO INICIAL;;;669.900,00;0,00;669.900,00
;Total 152810 EQUIPOS DE TELECOMUNICACIONES;;;;;;669.900,00;0,00;669.900,00
;159220 EQUIPO DE COMPUTACION Y COMUNICACION;;31/12/2025;SALDO INICIAL;;;0,00;602.910,00;-602.910,00
;Total 159220 EQUIPO DE COMPUTACION Y COMUNICACION;;;;;;0,00;602.910,00;-602.910,00
Total CELULAR GALAXY A 12 128 GB ACTIF-044 CELULAR GALAXY A 12 128 GB;;;;;;;669.900,00;602.910,00;66.990,00
CELULAR GALAXY A 12 BLUE ACTIF-049 CELULAR  GALAXY A12 BLUE;152810 EQUIPOS DE TELECOMUNICACIONES;;31/12/2025;SALDO INICIAL;;;669.900,00;0,00;669.900,00
;Total 152810 EQUIPOS DE TELECOMUNICACIONES;;;;;;669.900,00;0,00;669.900,00
;159220 EQUIPO DE COMPUTACION Y COMUNICACION;;31/12/2025;SALDO INICIAL;;;0,00;602.910,00;-602.910,00
;Total 159220 EQUIPO DE COMPUTACION Y COMUNICACION;;;;;;0,00;602.910,00;-602.910,00
Total CELULAR GALAXY A 12 BLUE ACTIF-049 CELULAR  GALAXY A12 BLUE;;;;;;;669.900,00;602.910,00;66.990,00
CELULAR HUAWEI Y5 2018 GOLD ACTIF-017;152810 EQUIPOS DE TELECOMUNICACIONES;;31/12/2025;SALDO INICIAL;;;292.936,00;0,00;292.936,00
;Total 152810 EQUIPOS DE TELECOMUNICACIONES;;;;;;292.936,00;0,00;292.936,00
;159220 EQUIPO DE COMPUTACION Y COMUNICACION;;31/12/2025;SALDO INICIAL;;;0,00;263.642,00;-263.642,00
;Total 159220 EQUIPO DE COMPUTACION Y COMUNICACION;;;;;;0,00;263.642,00;-263.642,00
Total CELULAR HUAWEI Y5 2018 GOLD ACTIF-017;;;;;;;292.936,00;263.642,00;29.294,00
CELULAR MOTOROLA G20 128 GB ACTIF-060 CELULAR MOTOROLA G20;152810 EQUIPOS DE TELECOMUNICACIONES;;31/12/2025;SALDO INICIAL;;;3.654.640,00;0,00;3.654.640,00
;Total 152810 EQUIPOS DE TELECOMUNICACIONES;;;;;;3.654.640,00;0,00;3.654.640,00
;159220 EQUIPO DE COMPUTACION Y COMUNICACION;;31/12/2025;SALDO INICIAL;;;0,00;1.735.188,00;-1.735.188,00
;Total 159220 EQUIPO DE COMPUTACION Y COMUNICACION;;;;;;0,00;1.735.188,00;-1.735.188,00
Total CELULAR MOTOROLA G20 128 GB ACTIF-060 CELULAR MOTOROLA G20;;;;;;;3.654.640,00;1.735.188,00;1.919.452,00
CELULAR MOTOROLA G20 4G 128 GB ACTIF-055 CELULAR MOTOROLA G20;152805 EQUIPOS DE PROCESAMIENTO DE DATOS;;31/12/2025;SALDO INICIAL;;;679.900,00;0,00;679.900,00
;Total 152805 EQUIPOS DE PROCESAMIENTO DE DATOS;;;;;;679.900,00;0,00;679.900,00
;159220 EQUIPO DE COMPUTACION Y COMUNICACION;;31/12/2025;SALDO INICIAL;;;0,00;611.910,00;-611.910,00
;Total 159220 EQUIPO DE COMPUTACION Y COMUNICACION;;;;;;0,00;611.910,00;-611.910,00
Total CELULAR MOTOROLA G20 4G 128 GB ACTIF-055 CELULAR MOTOROLA G20;;;;;;;679.900,00;611.910,00;67.990,00
CELULAR MOTOROLA G23 128 GB X 23331 GX ACTIF-086 CELULAR MOTOROLA G23;152805 EQUIPOS DE PROCESAMIENTO DE DATOS;;31/12/2025;SALDO INICIAL;;;1.155.040,00;0,00;1.155.040,00
;Total 152805 EQUIPOS DE PROCESAMIENTO DE DATOS;;;;;;1.155.040,00;0,00;1.155.040,00
;159220 EQUIPO DE COMPUTACION Y COMUNICACION;;31/12/2025;SALDO INICIAL;;;0,00;475.488,00;-475.488,00
;;GVM CORPORATION GLOBAL VETERINARY MEDICINE S A S;31/01/2026;DEPRECIACION ENERO 2026  CELULAR MOTOROLA G23 128 GB X 23331 GX;;(GCG) dp 96;0,00;18.288,00;-493.776,00
;;GVM CORPORATION GLOBAL VETERINARY MEDICINE S A S;28/02/2026;DEPRECIACION FEBRERO 2026  CELULAR MOTOROLA G23 128 GB X 23331 GX;;(GCG) dp 97;0,00;18.288,00;-512.064,00
;;GVM CORPORATION GLOBAL VETERINARY MEDICINE S A S;31/03/2026;DEPRECIACION MARZO 2026  CELULAR MOTOROLA G23 128 GB X 23331 GX;;(GCG) dp 98;0,00;18.288,00;-530.352,00
;Total 159220 EQUIPO DE COMPUTACION Y COMUNICACION;;;;;;0,00;530.352,00;-530.352,00
Total CELULAR MOTOROLA G23 128 GB X 23331 GX ACTIF-086 CELULAR MOTOROLA G23;;;;;;;1.155.040,00;530.352,00;624.688,00
CELULAR MOTOROLA G24 POWER 256 GB ACTIF-129;152805 EQUIPOS DE PROCESAMIENTO DE DATOS;;31/12/2025;SALDO INICIAL;;;1.462.560,00;0,00;1.462.560,00
;Total 152805 EQUIPOS DE PROCESAMIENTO DE DATOS;;;;;;1.462.560,00;0,00;1.462.560,00
;159220 EQUIPO DE COMPUTACION Y COMUNICACION;;31/12/2025;SALDO INICIAL;;;0,00;353.445,00;-353.445,00
;;GVM CORPORATION GLOBAL VETERINARY MEDICINE S A S;31/01/2026;DEPRECIACION ENERO 2026  CELULAR MOTOROLA G24 POWER 256 GB;;(GCG) dp 96;0,00;23.563,00;-377.008,00
;;GVM CORPORATION GLOBAL VETERINARY MEDICINE S A S;28/02/2026;DEPRECIACION FEBRERO 2026  CELULAR MOTOROLA G24 POWER 256 GB;;(GCG) dp 97;0,00;23.563,00;-400.571,00
;;GVM CORPORATION GLOBAL VETERINARY MEDICINE S A S;31/03/2026;DEPRECIACION MARZO 2026  CELULAR MOTOROLA G24 POWER 256 GB;;(GCG) dp 98;0,00;23.563,00;-424.134,00
;Total 159220 EQUIPO DE COMPUTACION Y COMUNICACION;;;;;;0,00;424.134,00;-424.134,00
Total CELULAR MOTOROLA G24 POWER 256 GB ACTIF-129;;;;;;;1.462.560,00;424.134,00;1.038.426,00
CELULAR MOTOROLA G34 256 GB ACTIF-136;152805 EQUIPOS DE PROCESAMIENTO DE DATOS;;31/12/2025;SALDO INICIAL;;;659.900,00;0,00;659.900,00
;Total 152805 EQUIPOS DE PROCESAMIENTO DE DATOS;;;;;;659.900,00;0,00;659.900,00
;159220 EQUIPO DE COMPUTACION Y COMUNICACION;;31/12/2025;SALDO INICIAL;;;0,00;98.990,00;-98.990,00
;;GVM CORPORATION GLOBAL VETERINARY MEDICINE S A S;31/01/2026;DEPRECIACION ENERO 2026  CELULAR MOTOROLA G34 256 GB;;(GCG) dp 96;0,00;9.899,00;-108.889,00
;;GVM CORPORATION GLOBAL VETERINARY MEDICINE S A S;28/02/2026;DEPRECIACION FEBRERO 2026  CELULAR MOTOROLA G34 256 GB;;(GCG) dp 97;0,00;9.899,00;-118.788,00
;;GVM CORPORATION GLOBAL VETERINARY MEDICINE S A S;31/03/2026;DEPRECIACION MARZO 2026  CELULAR MOTOROLA G34 256 GB;;(GCG) dp 98;0,00;9.899,00;-128.687,00
;Total 159220 EQUIPO DE COMPUTACION Y COMUNICACION;;;;;;0,00;128.687,00;-128.687,00
Total CELULAR MOTOROLA G34 256 GB ACTIF-136;;;;;;;659.900,00;128.687,00;531.213,00
CELULAR MOTOROLA G42 128 GB VERDE ACTIF-077 CELULAR MOTOROLA;152810 EQUIPOS DE TELECOMUNICACIONES;;31/12/2025;SALDO INICIAL;;;732.990,00;0,00;732.990,00
;Total 152810 EQUIPOS DE TELECOMUNICACIONES;;;;;;732.990,00;0,00;732.990,00
;159220 EQUIPO DE COMPUTACION Y COMUNICACION;;31/12/2025;SALDO INICIAL;;;0,00;373.830,00;-373.830,00
;;GVM CORPORATION GLOBAL VETERINARY MEDICINE S A S;31/01/2026;DEPRECIACION ENERO 2026  CELULAR MOTOROLA G42 128 GB VERDE;;(GCG) dp 96;0,00;10.995,00;-384.825,00
;;GVM CORPORATION GLOBAL VETERINARY MEDICINE S A S;28/02/2026;DEPRECIACION FEBRERO 2026  CELULAR MOTOROLA G42 128 GB VERDE;;(GCG) dp 97;0,00;10.995,00;-395.820,00
;;GVM CORPORATION GLOBAL VETERINARY MEDICINE S A S;31/03/2026;DEPRECIACION MARZO 2026  CELULAR MOTOROLA G42 128 GB VERDE;;(GCG) dp 98;0,00;10.995,00;-406.815,00
;Total 159220 EQUIPO DE COMPUTACION Y COMUNICACION;;;;;;0,00;406.815,00;-406.815,00
Total CELULAR MOTOROLA G42 128 GB VERDE ACTIF-077 CELULAR MOTOROLA;;;;;;;732.990,00;406.815,00;326.175,00
CELULAR MOTOROLA MOTO G04 128GB 4G ACTIF-115;152805 EQUIPOS DE PROCESAMIENTO DE DATOS;;31/12/2025;SALDO INICIAL;;;795.040,00;0,00;795.040,00
;Total 152805 EQUIPOS DE PROCESAMIENTO DE DATOS;;;;;;795.040,00;0,00;795.040,00
;159220 EQUIPO DE COMPUTACION Y COMUNICACION;;31/12/2025;SALDO INICIAL;;;0,00;264.348,00;-264.348,00
;;GVM CORPORATION GLOBAL VETERINARY MEDICINE S A S;31/01/2026;DEPRECIACION ENERO 2026  CELULAR MOTOROLA MOTO G04 128GB 4G;;(GCG) dp 96;0,00;12.588,00;-276.936,00
;;GVM CORPORATION GLOBAL VETERINARY MEDICINE S A S;28/02/2026;DEPRECIACION FEBRERO 2026  CELULAR MOTOROLA MOTO G04 128GB 4G;;(GCG) dp 97;0,00;12.588,00;-289.524,00
;;GVM CORPORATION GLOBAL VETERINARY MEDICINE S A S;31/03/2026;DEPRECIACION MARZO 2026  CELULAR MOTOROLA MOTO G04 128GB 4G;;(GCG) dp 98;0,00;12.588,00;-302.112,00
;Total 159220 EQUIPO DE COMPUTACION Y COMUNICACION;;;;;;0,00;302.112,00;-302.112,00
Total CELULAR MOTOROLA MOTO G04 128GB 4G ACTIF-115;;;;;;;795.040,00;302.112,00;492.928,00
CELULAR MOTOROLA MOTO G22 128GB 4G ACTIF-090;152810 EQUIPOS DE TELECOMUNICACIONES;;31/12/2025;SALDO INICIAL;;;1.408.560,00;0,00;1.408.560,00
;Total 152810 EQUIPOS DE TELECOMUNICACIONES;;;;;;1.408.560,00;0,00;1.408.560,00
;159220 EQUIPO DE COMPUTACION Y COMUNICACION;;31/12/2025;SALDO INICIAL;;;0,00;544.632,00;-544.632,00
;;GVM CORPORATION GLOBAL VETERINARY MEDICINE S A S;31/01/2026;DEPRECIACION ENERO 2026  CELULAR MOTOROLA MOTO G22 128GB 4G;;(GCG) dp 96;0,00;22.693,00;-567.325,00
;;GVM CORPORATION GLOBAL VETERINARY MEDICINE S A S;28/02/2026;DEPRECIACION FEBRERO 2026  CELULAR MOTOROLA MOTO G22 128GB 4G;;(GCG) dp 97;0,00;22.693,00;-590.018,00
;;GVM CORPORATION GLOBAL VETERINARY MEDICINE S A S;31/03/2026;DEPRECIACION MARZO 2026  CELULAR MOTOROLA MOTO G22 128GB 4G;;(GCG) dp 98;0,00;22.693,00;-612.711,00
;Total 159220 EQUIPO DE COMPUTACION Y COMUNICACION;;;;;;0,00;612.711,00;-612.711,00
Total CELULAR MOTOROLA MOTO G22 128GB 4G ACTIF-090;;;;;;;1.408.560,00;612.711,00;795.849,00
CELULAR MOTOROLA MOTO G85 256 5G ACTIF-131;152805 EQUIPOS DE PROCESAMIENTO DE DATOS;;31/12/2025;SALDO INICIAL;;;987.520,00;0,00;987.520,00
;Total 152805 EQUIPOS DE PROCESAMIENTO DE DATOS;;;;;;987.520,00;0,00;987.520,00
;159220 EQUIPO DE COMPUTACION Y COMUNICACION;;31/12/2025;SALDO INICIAL;;;0,00;177.756,00;-177.756,00
;;GVM CORPORATION GLOBAL VETERINARY MEDICINE S A S;31/01/2026;DEPRECIACION ENERO 2026  CELULAR MOTOROLA MOTO G85 256 5G;;(GCG) dp 96;0,00;14.813,00;-192.569,00
;;GVM CORPORATION GLOBAL VETERINARY MEDICINE S A S;28/02/2026;DEPRECIACION FEBRERO 2026  CELULAR MOTOROLA MOTO G85 256 5G;;(GCG) dp 97;0,00;14.813,00;-207.382,00
;;GVM CORPORATION GLOBAL VETERINARY MEDICINE S A S;31/03/2026;DEPRECIACION MARZO 2026  CELULAR MOTOROLA MOTO G85 256 5G;;(GCG) dp 98;0,00;14.813,00;-222.195,00
;Total 159220 EQUIPO DE COMPUTACION Y COMUNICACION;;;;;;0,00;222.195,00;-222.195,00
Total CELULAR MOTOROLA MOTO G85 256 5G ACTIF-131;;;;;;;987.520,00;222.195,00;765.325,00
CELULAR MOTOROLA MOTOE 6 PLUS 357248103962191 ACTIF-018;152810 EQUIPOS DE TELECOMUNICACIONES;;31/12/2025;SALDO INICIAL;;;477.520,00;0,00;477.520,00
;Total 152810 EQUIPOS DE TELECOMUNICACIONES;;;;;;477.520,00;0,00;477.520,00
;159220 EQUIPO DE COMPUTACION Y COMUNICACION;;31/12/2025;SALDO INICIAL;;;0,00;429.768,00;-429.768,00
;Total 159220 EQUIPO DE COMPUTACION Y COMUNICACION;;;;;;0,00;429.768,00;-429.768,00
Total CELULAR MOTOROLA MOTOE 6 PLUS 357248103962191 ACTIF-018;;;;;;;477.520,00;429.768,00;47.752,00
CELULAR MOTOROLA MOTOE 6 PLUS 357248103991414 ACTIF-019;152810 EQUIPOS DE TELECOMUNICACIONES;;31/12/2025;SALDO INICIAL;;;477.520,00;0,00;477.520,00
;Total 152810 EQUIPOS DE TELECOMUNICACIONES;;;;;;477.520,00;0,00;477.520,00
;159220 EQUIPO DE COMPUTACION Y COMUNICACION;;31/12/2025;SALDO INICIAL;;;0,00;429.768,00;-429.768,00
;Total 159220 EQUIPO DE COMPUTACION Y COMUNICACION;;;;;;0,00;429.768,00;-429.768,00
Total CELULAR MOTOROLA MOTOE 6 PLUS 357248103991414 ACTIF-019;;;;;;;477.520,00;429.768,00;47.752,00
CELULAR REDMI 15 256 GB ACTIF-164;152805 EQUIPOS DE PROCESAMIENTO DE DATOS;COLOMBIANA DE COMERCIO S.A.;15/02/2026;FC1011282 CELULAR DR.GERARDO TC.8405;;(GCG) FC 749;799.050,00;0,00;799.050,00
;Total 152805 EQUIPOS DE PROCESAMIENTO DE DATOS;;;;;;799.050,00;0,00;799.050,00
;159220 EQUIPO DE COMPUTACION Y COMUNICACION;GVM CORPORATION GLOBAL VETERINARY MEDICINE S A S;28/02/2026;DEPRECIACION FEBRERO 2026  CELULAR REDMI 15 256 GB;;(GCG) dp 97;0,00;11.986,00;-11.986,00
;;GVM CORPORATION GLOBAL VETERINARY MEDICINE S A S;31/03/2026;DEPRECIACION MARZO 2026  CELULAR REDMI 15 256 GB;;(GCG) dp 98;0,00;11.986,00;-23.972,00
;Total 159220 EQUIPO DE COMPUTACION Y COMUNICACION;;;;;;0,00;23.972,00;-23.972,00
Total CELULAR REDMI 15 256 GB ACTIF-164;;;;;;;799.050,00;23.972,00;775.078,00
CELULAR REDMI NOTE 14 256 GB ACTIF-140;152805 EQUIPOS DE PROCESAMIENTO DE DATOS;;31/12/2025;SALDO INICIAL;;;849.900,00;0,00;849.900,00
;Total 152805 EQUIPOS DE PROCESAMIENTO DE DATOS;;;;;;849.900,00;0,00;849.900,00
;159220 EQUIPO DE COMPUTACION Y COMUNICACION;;31/12/2025;SALDO INICIAL;;;0,00;76.494,00;-76.494,00
;;GVM CORPORATION GLOBAL VETERINARY MEDICINE S A S;31/01/2026;DEPRECIACION ENERO 2026  CELULAR REDMI NOTE 14 256 GB;;(GCG) dp 96;0,00;12.749,00;-89.243,00
;;GVM CORPORATION GLOBAL VETERINARY MEDICINE S A S;28/02/2026;DEPRECIACION FEBRERO 2026  CELULAR REDMI NOTE 14 256 GB;;(GCG) dp 97;0,00;12.749,00;-101.992,00
;;GVM CORPORATION GLOBAL VETERINARY MEDICINE S A S;31/03/2026;DEPRECIACION MARZO 2026  CELULAR REDMI NOTE 14 256 GB;;(GCG) dp 98;0,00;12.749,00;-114.741,00
;Total 159220 EQUIPO DE COMPUTACION Y COMUNICACION;;;;;;0,00;114.741,00;-114.741,00
Total CELULAR REDMI NOTE 14 256 GB ACTIF-140;;;;;;;849.900,00;114.741,00;735.159,00
CELULAR VIVO Y21D 256 GB ACTIF-161;152805 EQUIPOS DE PROCESAMIENTO DE DATOS;COLOMBIANA DE COMERCIO S.A.;26/01/2026;FC2563620 CELULAR JEFE DE OPERACIONES BOG;;(GCG) FC 406;899.050,00;0,00;899.050,00
;Total 152805 EQUIPOS DE PROCESAMIENTO DE DATOS;;;;;;899.050,00;0,00;899.050,00
;159220 EQUIPO DE COMPUTACION Y COMUNICACION;GVM CORPORATION GLOBAL VETERINARY MEDICINE S A S;28/02/2026;DEPRECIACION FEBRERO 2026  CELULAR VIVO Y21D 256 GB;;(GCG) dp 97;0,00;13.502,00;-13.502,00
;;GVM CORPORATION GLOBAL VETERINARY MEDICINE S A S;31/03/2026;DEPRECIACION MARZO 2026  CELULAR VIVO Y21D 256 GB;;(GCG) dp 98;0,00;13.502,00;-27.004,00
;Total 159220 EQUIPO DE COMPUTACION Y COMUNICACION;;;;;;0,00;27.004,00;-27.004,00
Total CELULAR VIVO Y21D 256 GB ACTIF-161;;;;;;;899.050,00;27.004,00;872.046,00
CELULAR XIAMI NOTE 15 256 GB 1 ACTIF-167;152805 EQUIPOS DE PROCESAMIENTO DE DATOS;INVERSIONES HARLEX SAS;09/03/2026;FC426 XIAOMI NOTE BOG;;(GCG) FC 1176;800.000,00;0,00;800.000,00
;Total 152805 EQUIPOS DE PROCESAMIENTO DE DATOS;;;;;;800.000,00;0,00;800.000,00
;159220 EQUIPO DE COMPUTACION Y COMUNICACION;GVM CORPORATION GLOBAL VETERINARY MEDICINE S A S;31/03/2026;DEPRECIACION MARZO 2026  CELULAR XIAMI NOTE 15 256 GB 1;;(GCG) dp 98;0,00;12.000,00;-12.000,00
;Total 159220 EQUIPO DE COMPUTACION Y COMUNICACION;;;;;;0,00;12.000,00;-12.000,00
Total CELULAR XIAMI NOTE 15 256 GB 1 ACTIF-167;;;;;;;800.000,00;12.000,00;788.000,00
CELULAR XIAMI NOTE 15 256 GB 2 ACTIF-168;152805 EQUIPOS DE PROCESAMIENTO DE DATOS;INVERSIONES HARLEX SAS;09/03/2026;FC426 XIAOMI NOTE BOG;;(GCG) FC 1176;800.000,00;0,00;800.000,00
;Total 152805 EQUIPOS DE PROCESAMIENTO DE DATOS;;;;;;800.000,00;0,00;800.000,00
;159220 EQUIPO DE COMPUTACION Y COMUNICACION;GVM CORPORATION GLOBAL VETERINARY MEDICINE S A S;31/03/2026;DEPRECIACION MARZO 2026  CELULAR XIAMI NOTE 15 256 GB 2;;(GCG) dp 98;0,00;12.000,00;-12.000,00
;Total 159220 EQUIPO DE COMPUTACION Y COMUNICACION;;;;;;0,00;12.000,00;-12.000,00
Total CELULAR XIAMI NOTE 15 256 GB 2 ACTIF-168;;;;;;;800.000,00;12.000,00;788.000,00
CELULAR XIAMI NOTE 15 256 GB 3 ACTIF-169;152805 EQUIPOS DE PROCESAMIENTO DE DATOS;INVERSIONES HARLEX SAS;09/03/2026;FC426 XIAOMI NOTE BOG;;(GCG) FC 1176;800.000,00;0,00;800.000,00
;Total 152805 EQUIPOS DE PROCESAMIENTO DE DATOS;;;;;;800.000,00;0,00;800.000,00
;159220 EQUIPO DE COMPUTACION Y COMUNICACION;GVM CORPORATION GLOBAL VETERINARY MEDICINE S A S;31/03/2026;DEPRECIACION MARZO 2026  CELULAR XIAMI NOTE 15 256 GB 3;;(GCG) dp 98;0,00;12.000,00;-12.000,00
;Total 159220 EQUIPO DE COMPUTACION Y COMUNICACION;;;;;;0,00;12.000,00;-12.000,00
Total CELULAR XIAMI NOTE 15 256 GB 3 ACTIF-169;;;;;;;800.000,00;12.000,00;788.000,00
"CELULAR XIAOMI  POCO M3 128GB ""NEGRO ACTIF-030";152810 EQUIPOS DE TELECOMUNICACIONES;;31/12/2025;SALDO INICIAL;;;729.900,00;0,00;729.900,00
;Total 152810 EQUIPOS DE TELECOMUNICACIONES;;;;;;729.900,00;0,00;729.900,00
;159220 EQUIPO DE COMPUTACION Y COMUNICACION;;31/12/2025;SALDO INICIAL;;;0,00;656.910,00;-656.910,00
;Total 159220 EQUIPO DE COMPUTACION Y COMUNICACION;;;;;;0,00;656.910,00;-656.910,00
"Total CELULAR XIAOMI  POCO M3 128GB ""NEGRO ACTIF-030";;;;;;;729.900,00;656.910,00;72.990,00
CELULAR XIAOMI REDMI  NOTE 13 256 GB ACTIF-135;152805 EQUIPOS DE PROCESAMIENTO DE DATOS;;31/12/2025;SALDO INICIAL;;;697.520,00;0,00;697.520,00
;Total 152805 EQUIPOS DE PROCESAMIENTO DE DATOS;;;;;;697.520,00;0,00;697.520,00
;159220 EQUIPO DE COMPUTACION Y COMUNICACION;;31/12/2025;SALDO INICIAL;;;0,00;104.630,00;-104.630,00
;;GVM CORPORATION GLOBAL VETERINARY MEDICINE S A S;31/01/2026;DEPRECIACION ENERO 2026  CELULAR XIAOMI REDMI  NOTE 13 256 GB;;(GCG) dp 96;0,00;10.463,00;-115.093,00
;;GVM CORPORATION GLOBAL VETERINARY MEDICINE S A S;28/02/2026;DEPRECIACION FEBRERO 2026  CELULAR XIAOMI REDMI  NOTE 13 256 GB;;(GCG) dp 97;0,00;10.463,00;-125.556,00
;;GVM CORPORATION GLOBAL VETERINARY MEDICINE S A S;31/03/2026;DEPRECIACION MARZO 2026  CELULAR XIAOMI REDMI  NOTE 13 256 GB;;(GCG) dp 98;0,00;10.463,00;-136.019,00
;Total 159220 EQUIPO DE COMPUTACION Y COMUNICACION;;;;;;0,00;136.019,00;-136.019,00
Total CELULAR XIAOMI REDMI  NOTE 13 256 GB ACTIF-135;;;;;;;697.520,00;136.019,00;561.501,00
COLCHON + DOMIER ALHOADAS ACTIF-067 COMBO HAPPY STAR;152405 MUEBLES Y ENSERES;;31/12/2025;SALDO INICIAL;;;2.705.000,00;0,00;2.705.000,00
;Total 152405 MUEBLES Y ENSERES;;;;;;2.705.000,00;0,00;2.705.000,00
;159215 EQUIPO DE OFICINA;;31/12/2025;SALDO INICIAL;;;0,00;831.808,00;-831.808,00
;;GVM CORPORATION GLOBAL VETERINARY MEDICINE S A S;31/01/2026;DEPRECIACION ENERO 2026  COLCHON + DOMIER ALHOADAS;;(GCG) dp 96;0,00;20.288,00;-852.096,00
;;GVM CORPORATION GLOBAL VETERINARY MEDICINE S A S;28/02/2026;DEPRECIACION FEBRERO 2026  COLCHON + DOMIER ALHOADAS;;(GCG) dp 97;0,00;20.288,00;-872.384,00
;;GVM CORPORATION GLOBAL VETERINARY MEDICINE S A S;31/03/2026;DEPRECIACION MARZO 2026  COLCHON + DOMIER ALHOADAS;;(GCG) dp 98;0,00;20.288,00;-892.672,00
;Total 159215 EQUIPO DE OFICINA;;;;;;0,00;892.672,00;-892.672,00
Total COLCHON + DOMIER ALHOADAS ACTIF-067 COMBO HAPPY STAR;;;;;;;2.705.000,00;892.672,00;1.812.328,00
COMPUTADOR  HP INTER CORE I7 16GB ACTIF-133;152805 EQUIPOS DE PROCESAMIENTO DE DATOS;;31/12/2025;SALDO INICIAL;;;15.000.000,00;0,00;15.000.000,00
;Total 152805 EQUIPOS DE PROCESAMIENTO DE DATOS;;;;;;15.000.000,00;0,00;15.000.000,00
;159220 EQUIPO DE COMPUTACION Y COMUNICACION;;31/12/2025;SALDO INICIAL;;;0,00;2.120.832,00;-2.120.832,00
;;GVM CORPORATION GLOBAL VETERINARY MEDICINE S A S;31/01/2026;DEPRECIACION ENERO 2026  COMPUTADOR  HP INTER CORE I7 16GB;;(GCG) dp 96;0,00;245.833,00;-2.366.665,00
;;GVM CORPORATION GLOBAL VETERINARY MEDICINE S A S;28/02/2026;DEPRECIACION FEBRERO 2026  COMPUTADOR  HP INTER CORE I7 16GB;;(GCG) dp 97;0,00;245.833,00;-2.612.498,00
;;GVM CORPORATION GLOBAL VETERINARY MEDICINE S A S;31/03/2026;DEPRECIACION MARZO 2026  COMPUTADOR  HP INTER CORE I7 16GB;;(GCG) dp 98;0,00;245.833,00;-2.858.331,00
;Total 159220 EQUIPO DE COMPUTACION Y COMUNICACION;;;;;;0,00;2.858.331,00;-2.858.331,00
Total COMPUTADOR  HP INTER CORE I7 16GB ACTIF-133;;;;;;;15.000.000,00;2.858.331,00;12.141.669,00
COMPUTADOR  LENOVO TINY m720q ACTIF-043;152810 EQUIPOS DE TELECOMUNICACIONES;;31/12/2025;SALDO INICIAL;;;2.308.000,00;0,00;2.308.000,00
;Total 152810 EQUIPOS DE TELECOMUNICACIONES;;;;;;2.308.000,00;0,00;2.308.000,00
;159220 EQUIPO DE COMPUTACION Y COMUNICACION;;31/12/2025;SALDO INICIAL;;;0,00;1.688.976,00;-1.688.976,00
;;GVM CORPORATION GLOBAL VETERINARY MEDICINE S A S;31/01/2026;DEPRECIACION ENERO 2026  COMPUTADOR  LENOVO TINY m720q;;(GCG) dp 96;0,00;35.187,00;-1.724.163,00
;;GVM CORPORATION GLOBAL VETERINARY MEDICINE S A S;28/02/2026;DEPRECIACION FEBRERO 2026  COMPUTADOR  LENOVO TINY m720q;;(GCG) dp 97;0,00;35.187,00;-1.759.350,00
;;GVM CORPORATION GLOBAL VETERINARY MEDICINE S A S;31/03/2026;DEPRECIACION MARZO 2026  COMPUTADOR  LENOVO TINY m720q;;(GCG) dp 98;0,00;35.187,00;-1.794.537,00
;Total 159220 EQUIPO DE COMPUTACION Y COMUNICACION;;;;;;0,00;1.794.537,00;-1.794.537,00
Total COMPUTADOR  LENOVO TINY m720q ACTIF-043;;;;;;;2.308.000,00;1.794.537,00;513.463,00
COMPUTADOR 2 EN 1 LENOVO ACTIF-003;152805 EQUIPOS DE PROCESAMIENTO DE DATOS;;31/12/2025;SALDO INICIAL;;;1.273.300,00;0,00;1.273.300,00
;Total 152805 EQUIPOS DE PROCESAMIENTO DE DATOS;;;;;;1.273.300,00;0,00;1.273.300,00
;159220 EQUIPO DE COMPUTACION Y COMUNICACION;;31/12/2025;SALDO INICIAL;;;0,00;1.145.970,00;-1.145.970,00
;Total 159220 EQUIPO DE COMPUTACION Y COMUNICACION;;;;;;0,00;1.145.970,00;-1.145.970,00
Total COMPUTADOR 2 EN 1 LENOVO ACTIF-003;;;;;;;1.273.300,00;1.145.970,00;127.330,00
COMPUTADOR 2 EN 1 LENOVO PORTATIL ACTIF-002;152805 EQUIPOS DE PROCESAMIENTO DE DATOS;;31/12/2025;SALDO INICIAL;;;1.273.300,00;0,00;1.273.300,00
;Total 152805 EQUIPOS DE PROCESAMIENTO DE DATOS;;;;;;1.273.300,00;0,00;1.273.300,00
;159220 EQUIPO DE COMPUTACION Y COMUNICACION;;31/12/2025;SALDO INICIAL;;;0,00;1.145.970,00;-1.145.970,00
;Total 159220 EQUIPO DE COMPUTACION Y COMUNICACION;;;;;;0,00;1.145.970,00;-1.145.970,00
Total COMPUTADOR 2 EN 1 LENOVO PORTATIL ACTIF-002;;;;;;;1.273.300,00;1.145.970,00;127.330,00
"COMPUTADOR ASUS M3500QA VIVO BOOK PRO OLED 15,6"" ACTIF-054 COMPUTADOR ASUS M3500QA";152805 EQUIPOS DE PROCESAMIENTO DE DATOS;;31/12/2025;SALDO INICIAL;;;4.032.773,00;0,00;4.032.773,00
;Total 152805 EQUIPOS DE PROCESAMIENTO DE DATOS;;;;;;4.032.773,00;0,00;4.032.773,00
;159220 EQUIPO DE COMPUTACION Y COMUNICACION;;31/12/2025;SALDO INICIAL;;;0,00;2.661.648,00;-2.661.648,00
;;GVM CORPORATION GLOBAL VETERINARY MEDICINE S A S;31/01/2026;"DEPRECIACION ENERO 2026  COMPUTADOR ASUS M3500QA VIVO BOOK PRO OLED 15,6""";;(GCG) dp 96;0,00;60.492,00;-2.722.140,00
;;GVM CORPORATION GLOBAL VETERINARY MEDICINE S A S;28/02/2026;"DEPRECIACION FEBRERO 2026  COMPUTADOR ASUS M3500QA VIVO BOOK PRO OLED 15,6""";;(GCG) dp 97;0,00;60.492,00;-2.782.632,00
;;GVM CORPORATION GLOBAL VETERINARY MEDICINE S A S;31/03/2026;"DEPRECIACION MARZO 2026  COMPUTADOR ASUS M3500QA VIVO BOOK PRO OLED 15,6""";;(GCG) dp 98;0,00;60.492,00;-2.843.124,00
;Total 159220 EQUIPO DE COMPUTACION Y COMUNICACION;;;;;;0,00;2.843.124,00;-2.843.124,00
"Total COMPUTADOR ASUS M3500QA VIVO BOOK PRO OLED 15,6"" ACTIF-054 COMPUTADOR ASUS M3500QA";;;;;;;4.032.773,00;2.843.124,00;1.189.649,00
COMPUTADOR ASUS VIVOBOOK 15 X 1505Z ACTIF-138;152805 EQUIPOS DE PROCESAMIENTO DE DATOS;;31/12/2025;SALDO INICIAL;;;1.457.028,00;0,00;1.457.028,00
;Total 152805 EQUIPOS DE PROCESAMIENTO DE DATOS;;;;;;1.457.028,00;0,00;1.457.028,00
;159220 EQUIPO DE COMPUTACION Y COMUNICACION;;31/12/2025;SALDO INICIAL;;;0,00;196.695,00;-196.695,00
;;GVM CORPORATION GLOBAL VETERINARY MEDICINE S A S;31/01/2026;DEPRECIACION ENERO 2026  COMPUTADOR ASUS VIVOBOOK 15 X 1505Z;;(GCG) dp 96;0,00;21.855,00;-218.550,00
;;GVM CORPORATION GLOBAL VETERINARY MEDICINE S A S;28/02/2026;DEPRECIACION FEBRERO 2026  COMPUTADOR ASUS VIVOBOOK 15 X 1505Z;;(GCG) dp 97;0,00;21.855,00;-240.405,00
;;GVM CORPORATION GLOBAL VETERINARY MEDICINE S A S;31/03/2026;DEPRECIACION MARZO 2026  COMPUTADOR ASUS VIVOBOOK 15 X 1505Z;;(GCG) dp 98;0,00;21.855,00;-262.260,00
;Total 159220 EQUIPO DE COMPUTACION Y COMUNICACION;;;;;;0,00;262.260,00;-262.260,00
Total COMPUTADOR ASUS VIVOBOOK 15 X 1505Z ACTIF-138;;;;;;;1.457.028,00;262.260,00;1.194.768,00
COMPUTADOR DE ESCRITORIO HP TINY 400g6 ACTIF-043 COMPUTADOR DE ESCRITORIO HP TINY 400g6;152810 EQUIPOS DE TELECOMUNICACIONES;;31/12/2025;SALDO INICIAL;;;1.790.479,00;0,00;1.790.479,00
;Total 152810 EQUIPOS DE TELECOMUNICACIONES;;;;;;1.790.479,00;0,00;1.790.479,00
;159220 EQUIPO DE COMPUTACION Y COMUNICACION;;31/12/2025;SALDO INICIAL;;;0,00;1.342.850,00;-1.342.850,00
;;GVM CORPORATION GLOBAL VETERINARY MEDICINE S A S;31/01/2026;DEPRECIACION ENERO 2026  COMPUTADOR DE ESCRITORIO HP TINY 400g6;;(GCG) dp 96;0,00;26.857,00;-1.369.707,00
;;GVM CORPORATION GLOBAL VETERINARY MEDICINE S A S;28/02/2026;DEPRECIACION FEBRERO 2026  COMPUTADOR DE ESCRITORIO HP TINY 400g6;;(GCG) dp 97;0,00;26.857,00;-1.396.564,00
;;GVM CORPORATION GLOBAL VETERINARY MEDICINE S A S;31/03/2026;DEPRECIACION MARZO 2026  COMPUTADOR DE ESCRITORIO HP TINY 400g6;;(GCG) dp 98;0,00;26.857,00;-1.423.421,00
;Total 159220 EQUIPO DE COMPUTACION Y COMUNICACION;;;;;;0,00;1.423.421,00;-1.423.421,00
Total COMPUTADOR DE ESCRITORIO HP TINY 400g6 ACTIF-043 COMPUTADOR DE ESCRITORIO HP TINY 400g6;;;;;;;1.790.479,00;1.423.421,00;367.058,00
COMPUTADOR DELL LATITUDE 5340 CORE 15 ACTIF-132;152805 EQUIPOS DE PROCESAMIENTO DE DATOS;;31/12/2025;SALDO INICIAL;;;2.185.542,00;0,00;2.185.542,00
;Total 152805 EQUIPOS DE PROCESAMIENTO DE DATOS;;;;;;2.185.542,00;0,00;2.185.542,00
;159220 EQUIPO DE COMPUTACION Y COMUNICACION;;31/12/2025;SALDO INICIAL;;;0,00;393.396,00;-393.396,00
;;GVM CORPORATION GLOBAL VETERINARY MEDICINE S A S;31/01/2026;DEPRECIACION ENERO 2026  COMPUTADOR DELL LATITUDE 5340 CORE 15;;(GCG) dp 96;0,00;32.783,00;-426.179,00
;;GVM CORPORATION GLOBAL VETERINARY MEDICINE S A S;28/02/2026;DEPRECIACION FEBRERO 2026  COMPUTADOR DELL LATITUDE 5340 CORE 15;;(GCG) dp 97;0,00;32.783,00;-458.962,00
;;GVM CORPORATION GLOBAL VETERINARY MEDICINE S A S;31/03/2026;DEPRECIACION MARZO 2026  COMPUTADOR DELL LATITUDE 5340 CORE 15;;(GCG) dp 98;0,00;32.783,00;-491.745,00
;Total 159220 EQUIPO DE COMPUTACION Y COMUNICACION;;;;;;0,00;491.745,00;-491.745,00
Total COMPUTADOR DELL LATITUDE 5340 CORE 15 ACTIF-132;;;;;;;2.185.542,00;491.745,00;1.693.797,00
COMPUTADOR DELL PROCESADOR INTER CORE I5 1TB ACTIF-078 COMPUTADOR DELL;152805 EQUIPOS DE PROCESAMIENTO DE DATOS;;31/12/2025;SALDO INICIAL;;;2.100.000,00;0,00;2.100.000,00
;Total 152805 EQUIPOS DE PROCESAMIENTO DE DATOS;;;;;;2.100.000,00;0,00;2.100.000,00
;159220 EQUIPO DE COMPUTACION Y COMUNICACION;;31/12/2025;SALDO INICIAL;;;0,00;1.071.000,00;-1.071.000,00
;;GVM CORPORATION GLOBAL VETERINARY MEDICINE S A S;31/01/2026;DEPRECIACION ENERO 2026  COMPUTADOR DELL PROCESADOR INTER CORE I5 1TB;;(GCG) dp 96;0,00;31.500,00;-1.102.500,00
;;GVM CORPORATION GLOBAL VETERINARY MEDICINE S A S;28/02/2026;DEPRECIACION FEBRERO 2026  COMPUTADOR DELL PROCESADOR INTER CORE I5 1TB;;(GCG) dp 97;0,00;31.500,00;-1.134.000,00
;;GVM CORPORATION GLOBAL VETERINARY MEDICINE S A S;31/03/2026;DEPRECIACION MARZO 2026  COMPUTADOR DELL PROCESADOR INTER CORE I5 1TB;;(GCG) dp 98;0,00;31.500,00;-1.165.500,00
;Total 159220 EQUIPO DE COMPUTACION Y COMUNICACION;;;;;;0,00;1.165.500,00;-1.165.500,00
Total COMPUTADOR DELL PROCESADOR INTER CORE I5 1TB ACTIF-078 COMPUTADOR DELL;;;;;;;2.100.000,00;1.165.500,00;934.500,00
COMPUTADOR HP INTEL CORE 17 16GB 512GB ACTIF-163;152805 EQUIPOS DE PROCESAMIENTO DE DATOS;INTELIGENCIA TECNOLOGICA NBA SAS;09/02/2026;FC413 COMPUTADOR BOG;;(GCG) FC 639;2.650.000,00;0,00;2.650.000,00
;Total 152805 EQUIPOS DE PROCESAMIENTO DE DATOS;;;;;;2.650.000,00;0,00;2.650.000,00
;159220 EQUIPO DE COMPUTACION Y COMUNICACION;GVM CORPORATION GLOBAL VETERINARY MEDICINE S A S;28/02/2026;DEPRECIACION FEBRERO 2026  COMPUTADOR HP INTEL CORE 17 16GB 512GB;;(GCG) dp 97;0,00;39.750,00;-39.750,00
;;GVM CORPORATION GLOBAL VETERINARY MEDICINE S A S;31/03/2026;DEPRECIACION MARZO 2026  COMPUTADOR HP INTEL CORE 17 16GB 512GB;;(GCG) dp 98;0,00;39.750,00;-79.500,00
;Total 159220 EQUIPO DE COMPUTACION Y COMUNICACION;;;;;;0,00;79.500,00;-79.500,00
Total COMPUTADOR HP INTEL CORE 17 16GB 512GB ACTIF-163;;;;;;;2.650.000,00;79.500,00;2.570.500,00
COMPUTADOR HP INTEL CORE 17 16GB ACTIF-170;152805 EQUIPOS DE PROCESAMIENTO DE DATOS;INTELIGENCIA TECNOLOGICA NBA SAS;25/03/2026;FC446 COMPUTADOR ESCRITORIO BOG;;(GCG) FC 1510;2.650.000,00;0,00;2.650.000,00
;Total 152805 EQUIPOS DE PROCESAMIENTO DE DATOS;;;;;;2.650.000,00;0,00;2.650.000,00
;159220 EQUIPO DE COMPUTACION Y COMUNICACION;GVM CORPORATION GLOBAL VETERINARY MEDICINE S A S;31/03/2026;DEPRECIACION MARZO 2026  COMPUTADOR HP INTEL CORE 17 16GB;;(GCG) dp 98;0,00;39.750,00;-39.750,00
;Total 159220 EQUIPO DE COMPUTACION Y COMUNICACION;;;;;;0,00;39.750,00;-39.750,00
Total COMPUTADOR HP INTEL CORE 17 16GB ACTIF-170;;;;;;;2.650.000,00;39.750,00;2.610.250,00
COMPUTADOR HP PRO MINI 400 G9 ACTIF-092;152805 EQUIPOS DE PROCESAMIENTO DE DATOS;;31/12/2025;SALDO INICIAL;;;2.237.500,00;0,00;2.237.500,00
;Total 152805 EQUIPOS DE PROCESAMIENTO DE DATOS;;;;;;2.237.500,00;0,00;2.237.500,00
;159220 EQUIPO DE COMPUTACION Y COMUNICACION;;31/12/2025;SALDO INICIAL;;;0,00;805.512,00;-805.512,00
;;GVM CORPORATION GLOBAL VETERINARY MEDICINE S A S;31/01/2026;DEPRECIACION ENERO 2026  COMPUTADOR HP PRO MINI 400 G9;;(GCG) dp 96;0,00;33.563,00;-839.075,00
;;GVM CORPORATION GLOBAL VETERINARY MEDICINE S A S;28/02/2026;DEPRECIACION FEBRERO 2026  COMPUTADOR HP PRO MINI 400 G9;;(GCG) dp 97;0,00;33.563,00;-872.638,00
;;GVM CORPORATION GLOBAL VETERINARY MEDICINE S A S;31/03/2026;DEPRECIACION MARZO 2026  COMPUTADOR HP PRO MINI 400 G9;;(GCG) dp 98;0,00;33.563,00;-906.201,00
;Total 159220 EQUIPO DE COMPUTACION Y COMUNICACION;;;;;;0,00;906.201,00;-906.201,00
Total COMPUTADOR HP PRO MINI 400 G9 ACTIF-092;;;;;;;2.237.500,00;906.201,00;1.331.299,00
COMPUTADOR HP-14 INTEL CORE I5-10400 16 RAM ACTIF-159;152805 EQUIPOS DE PROCESAMIENTO DE DATOS;;31/12/2025;SALDO INICIAL;;;1.003.950,00;0,00;1.003.950,00
;Total 152805 EQUIPOS DE PROCESAMIENTO DE DATOS;;;;;;1.003.950,00;0,00;1.003.950,00
;159220 EQUIPO DE COMPUTACION Y COMUNICACION;;31/12/2025;SALDO INICIAL;;;0,00;45.177,00;-45.177,00
;;GVM CORPORATION GLOBAL VETERINARY MEDICINE S A S;31/01/2026;DEPRECIACION ENERO 2026  COMPUTADOR HP-14 INTEL CORE I5-10400 16 RAM;;(GCG) dp 96;0,00;15.059,00;-60.236,00
;;GVM CORPORATION GLOBAL VETERINARY MEDICINE S A S;28/02/2026;DEPRECIACION FEBRERO 2026  COMPUTADOR HP-14 INTEL CORE I5-10400 16 RAM;;(GCG) dp 97;0,00;15.059,00;-75.295,00
;;GVM CORPORATION GLOBAL VETERINARY MEDICINE S A S;31/03/2026;DEPRECIACION MARZO 2026  COMPUTADOR HP-14 INTEL CORE I5-10400 16 RAM;;(GCG) dp 98;0,00;15.059,00;-90.354,00
;Total 159220 EQUIPO DE COMPUTACION Y COMUNICACION;;;;;;0,00;90.354,00;-90.354,00
Total COMPUTADOR HP-14 INTEL CORE I5-10400 16 RAM ACTIF-159;;;;;;;1.003.950,00;90.354,00;913.596,00
COMPUTADOR HUAWEI MATE BOOK D 15 ACTIF-021;152805 EQUIPOS DE PROCESAMIENTO DE DATOS;;31/12/2025;SALDO INICIAL;;;1.959.900,00;0,00;1.959.900,00
;Total 152805 EQUIPOS DE PROCESAMIENTO DE DATOS;;;;;;1.959.900,00;0,00;1.959.900,00
;159220 EQUIPO DE COMPUTACION Y COMUNICACION;;31/12/2025;SALDO INICIAL;;;0,00;1.763.910,00;-1.763.910,00
;Total 159220 EQUIPO DE COMPUTACION Y COMUNICACION;;;;;;0,00;1.763.910,00;-1.763.910,00
Total COMPUTADOR HUAWEI MATE BOOK D 15 ACTIF-021;;;;;;;1.959.900,00;1.763.910,00;195.990,00
"COMPUTADOR JANUS 22"" ACTIF-014";152805 EQUIPOS DE PROCESAMIENTO DE DATOS;;31/12/2025;SALDO INICIAL;;;2.400.000,00;0,00;2.400.000,00
;Total 152805 EQUIPOS DE PROCESAMIENTO DE DATOS;;;;;;2.400.000,00;0,00;2.400.000,00
;159220 EQUIPO DE COMPUTACION Y COMUNICACION;;31/12/2025;SALDO INICIAL;;;0,00;2.160.000,00;-2.160.000,00
;Total 159220 EQUIPO DE COMPUTACION Y COMUNICACION;;;;;;0,00;2.160.000,00;-2.160.000,00
"Total COMPUTADOR JANUS 22"" ACTIF-014";;;;;;;2.400.000,00;2.160.000,00;240.000,00
COMPUTADOR LENOVO THINKBOOK 14 G6 ACTIF-137;152805 EQUIPOS DE PROCESAMIENTO DE DATOS;;31/12/2025;SALDO INICIAL;;;2.830.797,00;0,00;2.830.797,00
;Total 152805 EQUIPOS DE PROCESAMIENTO DE DATOS;;;;;;2.830.797,00;0,00;2.830.797,00
;159220 EQUIPO DE COMPUTACION Y COMUNICACION;;31/12/2025;SALDO INICIAL;;;0,00;424.620,00;-424.620,00
;;GVM CORPORATION GLOBAL VETERINARY MEDICINE S A S;31/01/2026;DEPRECIACION ENERO 2026  COMPUTADOR LENOVO THINKBOOK 14 G6;;(GCG) dp 96;0,00;42.462,00;-467.082,00
;;GVM CORPORATION GLOBAL VETERINARY MEDICINE S A S;28/02/2026;DEPRECIACION FEBRERO 2026  COMPUTADOR LENOVO THINKBOOK 14 G6;;(GCG) dp 97;0,00;42.462,00;-509.544,00
;;GVM CORPORATION GLOBAL VETERINARY MEDICINE S A S;31/03/2026;DEPRECIACION MARZO 2026  COMPUTADOR LENOVO THINKBOOK 14 G6;;(GCG) dp 98;0,00;42.462,00;-552.006,00
;Total 159220 EQUIPO DE COMPUTACION Y COMUNICACION;;;;;;0,00;552.006,00;-552.006,00
Total COMPUTADOR LENOVO THINKBOOK 14 G6 ACTIF-137;;;;;;;2.830.797,00;552.006,00;2.278.791,00
COMPUTADOR LENOVO THINKCENTRE M701 GEN 2 ACTIF-109;152805 EQUIPOS DE PROCESAMIENTO DE DATOS;;31/12/2025;SALDO INICIAL;;;2.780.000,00;0,00;2.780.000,00
;Total 152805 EQUIPOS DE PROCESAMIENTO DE DATOS;;;;;;2.780.000,00;0,00;2.780.000,00
;159220 EQUIPO DE COMPUTACION Y COMUNICACION;;31/12/2025;SALDO INICIAL;;;0,00;917.400,00;-917.400,00
;;GVM CORPORATION GLOBAL VETERINARY MEDICINE S A S;31/01/2026;DEPRECIACION ENERO 2026  COMPUTADOR LENOVO THINKCENTRE M701 GEN 2;;(GCG) dp 96;0,00;41.700,00;-959.100,00
;;GVM CORPORATION GLOBAL VETERINARY MEDICINE S A S;28/02/2026;DEPRECIACION FEBRERO 2026  COMPUTADOR LENOVO THINKCENTRE M701 GEN 2;;(GCG) dp 97;0,00;41.700,00;-1.000.800,00
;;GVM CORPORATION GLOBAL VETERINARY MEDICINE S A S;31/03/2026;DEPRECIACION MARZO 2026  COMPUTADOR LENOVO THINKCENTRE M701 GEN 2;;(GCG) dp 98;0,00;41.700,00;-1.042.500,00
;Total 159220 EQUIPO DE COMPUTACION Y COMUNICACION;;;;;;0,00;1.042.500,00;-1.042.500,00
Total COMPUTADOR LENOVO THINKCENTRE M701 GEN 2 ACTIF-109;;;;;;;2.780.000,00;1.042.500,00;1.737.500,00
COMPUTADOR LENOVO THINKCENTRE M910S ACTIF-091;152805 EQUIPOS DE PROCESAMIENTO DE DATOS;;31/12/2025;SALDO INICIAL;;;1.582.000,00;0,00;1.582.000,00
;Total 152805 EQUIPOS DE PROCESAMIENTO DE DATOS;;;;;;1.582.000,00;0,00;1.582.000,00
;159220 EQUIPO DE COMPUTACION Y COMUNICACION;;31/12/2025;SALDO INICIAL;;;0,00;569.520,00;-569.520,00
;;GVM CORPORATION GLOBAL VETERINARY MEDICINE S A S;31/01/2026;DEPRECIACION ENERO 2026  COMPUTADOR LENOVO THINKCENTRE M910S;;(GCG) dp 96;0,00;23.730,00;-593.250,00
;;GVM CORPORATION GLOBAL VETERINARY MEDICINE S A S;28/02/2026;DEPRECIACION FEBRERO 2026  COMPUTADOR LENOVO THINKCENTRE M910S;;(GCG) dp 97;0,00;23.730,00;-616.980,00
;;GVM CORPORATION GLOBAL VETERINARY MEDICINE S A S;31/03/2026;DEPRECIACION MARZO 2026  COMPUTADOR LENOVO THINKCENTRE M910S;;(GCG) dp 98;0,00;23.730,00;-640.710,00
;Total 159220 EQUIPO DE COMPUTACION Y COMUNICACION;;;;;;0,00;640.710,00;-640.710,00
Total COMPUTADOR LENOVO THINKCENTRE M910S ACTIF-091;;;;;;;1.582.000,00;640.710,00;941.290,00
COMPUTADOR LENOVO-SAMSUG ACTIF-011;152805 EQUIPOS DE PROCESAMIENTO DE DATOS;;31/12/2025;SALDO INICIAL;;;2.393.689,00;0,00;2.393.689,00
;Total 152805 EQUIPOS DE PROCESAMIENTO DE DATOS;;;;;;2.393.689,00;0,00;2.393.689,00
;159220 EQUIPO DE COMPUTACION Y COMUNICACION;;31/12/2025;SALDO INICIAL;;;0,00;2.163.689,00;-2.163.689,00
;Total 159220 EQUIPO DE COMPUTACION Y COMUNICACION;;;;;;0,00;2.163.689,00;-2.163.689,00
Total COMPUTADOR LENOVO-SAMSUG ACTIF-011;;;;;;;2.393.689,00;2.163.689,00;230.000,00
COMPUTADOR PORTATIL DELL INSPIRON 15-7568 ACTIF-070 COMPUTADOR PORTATIL DELL;152805 EQUIPOS DE PROCESAMIENTO DE DATOS;;31/12/2025;SALDO INICIAL;;;1.600.000,00;0,00;1.600.000,00
;Total 152805 EQUIPOS DE PROCESAMIENTO DE DATOS;;;;;;1.600.000,00;0,00;1.600.000,00
;159220 EQUIPO DE COMPUTACION Y COMUNICACION;;31/12/2025;SALDO INICIAL;;;0,00;960.000,00;-960.000,00
;;GVM CORPORATION GLOBAL VETERINARY MEDICINE S A S;31/01/2026;DEPRECIACION ENERO 2026  COMPUTADOR PORTATIL DELL INSPIRON 15-7568;;(GCG) dp 96;0,00;24.000,00;-984.000,00
;;GVM CORPORATION GLOBAL VETERINARY MEDICINE S A S;28/02/2026;DEPRECIACION FEBRERO 2026  COMPUTADOR PORTATIL DELL INSPIRON 15-7568;;(GCG) dp 97;0,00;24.000,00;-1.008.000,00
;;GVM CORPORATION GLOBAL VETERINARY MEDICINE S A S;31/03/2026;DEPRECIACION MARZO 2026  COMPUTADOR PORTATIL DELL INSPIRON 15-7568;;(GCG) dp 98;0,00;24.000,00;-1.032.000,00
;Total 159220 EQUIPO DE COMPUTACION Y COMUNICACION;;;;;;0,00;1.032.000,00;-1.032.000,00
Total COMPUTADOR PORTATIL DELL INSPIRON 15-7568 ACTIF-070 COMPUTADOR PORTATIL DELL;;;;;;;1.600.000,00;1.032.000,00;568.000,00
COMPUTADOR PORTATIL LENOVO YOGA ACTIF-071 COMPUTADOR PORTATIL LENOVO;152805 EQUIPOS DE PROCESAMIENTO DE DATOS;;31/12/2025;SALDO INICIAL;;;2.000.000,00;0,00;2.000.000,00
;Total 152805 EQUIPOS DE PROCESAMIENTO DE DATOS;;;;;;2.000.000,00;0,00;2.000.000,00
;159220 EQUIPO DE COMPUTACION Y COMUNICACION;;31/12/2025;SALDO INICIAL;;;0,00;1.200.000,00;-1.200.000,00
;;GVM CORPORATION GLOBAL VETERINARY MEDICINE S A S;31/01/2026;DEPRECIACION ENERO 2026  COMPUTADOR PORTATIL LENOVO YOGA;;(GCG) dp 96;0,00;30.000,00;-1.230.000,00
;;GVM CORPORATION GLOBAL VETERINARY MEDICINE S A S;28/02/2026;DEPRECIACION FEBRERO 2026  COMPUTADOR PORTATIL LENOVO YOGA;;(GCG) dp 97;0,00;30.000,00;-1.260.000,00
;;GVM CORPORATION GLOBAL VETERINARY MEDICINE S A S;31/03/2026;DEPRECIACION MARZO 2026  COMPUTADOR PORTATIL LENOVO YOGA;;(GCG) dp 98;0,00;30.000,00;-1.290.000,00
;Total 159220 EQUIPO DE COMPUTACION Y COMUNICACION;;;;;;0,00;1.290.000,00;-1.290.000,00
Total COMPUTADOR PORTATIL LENOVO YOGA ACTIF-071 COMPUTADOR PORTATIL LENOVO;;;;;;;2.000.000,00;1.290.000,00;710.000,00
COMPUTADOR THINKPAD L14 GEN 4 ACTIF-139;152805 EQUIPOS DE PROCESAMIENTO DE DATOS;;31/12/2025;SALDO INICIAL;;;2.289.616,00;0,00;2.289.616,00
;Total 152805 EQUIPOS DE PROCESAMIENTO DE DATOS;;;;;;2.289.616,00;0,00;2.289.616,00
;159220 EQUIPO DE COMPUTACION Y COMUNICACION;;31/12/2025;SALDO INICIAL;;;0,00;309.096,00;-309.096,00
;;GVM CORPORATION GLOBAL VETERINARY MEDICINE S A S;31/01/2026;DEPRECIACION ENERO 2026  COMPUTADOR THINKPAD L14 GEN 4;;(GCG) dp 96;0,00;34.344,00;-343.440,00
;;GVM CORPORATION GLOBAL VETERINARY MEDICINE S A S;28/02/2026;DEPRECIACION FEBRERO 2026  COMPUTADOR THINKPAD L14 GEN 4;;(GCG) dp 97;0,00;34.344,00;-377.784,00
;;GVM CORPORATION GLOBAL VETERINARY MEDICINE S A S;31/03/2026;DEPRECIACION MARZO 2026  COMPUTADOR THINKPAD L14 GEN 4;;(GCG) dp 98;0,00;34.344,00;-412.128,00
;Total 159220 EQUIPO DE COMPUTACION Y COMUNICACION;;;;;;0,00;412.128,00;-412.128,00
Total COMPUTADOR THINKPAD L14 GEN 4 ACTIF-139;;;;;;;2.289.616,00;412.128,00;1.877.488,00
COMPUTADORA LENOVO M710Q INTER COREI5 7500 8GB ACTIF-059 COMPUTADORA LENOVO M710Q;152805 EQUIPOS DE PROCESAMIENTO DE DATOS;;31/12/2025;SALDO INICIAL;;;2.700.000,00;0,00;2.700.000,00
;Total 152805 EQUIPOS DE PROCESAMIENTO DE DATOS;;;;;;2.700.000,00;0,00;2.700.000,00
;159220 EQUIPO DE COMPUTACION Y COMUNICACION;;31/12/2025;SALDO INICIAL;;;0,00;1.795.500,00;-1.795.500,00
;;GVM CORPORATION GLOBAL VETERINARY MEDICINE S A S;31/01/2026;DEPRECIACION ENERO 2026  COMPUTADORA LENOVO M710Q INTER COREI5 7500 8GB;;(GCG) dp 96;0,00;42.750,00;-1.838.250,00
;;GVM CORPORATION GLOBAL VETERINARY MEDICINE S A S;28/02/2026;DEPRECIACION FEBRERO 2026  COMPUTADORA LENOVO M710Q INTER COREI5 7500 8GB;;(GCG) dp 97;0,00;42.750,00;-1.881.000,00
;;GVM CORPORATION GLOBAL VETERINARY MEDICINE S A S;31/03/2026;DEPRECIACION MARZO 2026  COMPUTADORA LENOVO M710Q INTER COREI5 7500 8GB;;(GCG) dp 98;0,00;42.750,00;-1.923.750,00
;Total 159220 EQUIPO DE COMPUTACION Y COMUNICACION;;;;;;0,00;1.923.750,00;-1.923.750,00
Total COMPUTADORA LENOVO M710Q INTER COREI5 7500 8GB ACTIF-059 COMPUTADORA LENOVO M710Q;;;;;;;2.700.000,00;1.923.750,00;776.250,00
CONGELADOR CHALLENGER CH 199 LT ACTIF-089 CONGELADOR CHALLENGER;152005 MAQUINARIA Y EQUIPO;;31/12/2025;SALDO INICIAL;;;1.300.000,00;0,00;1.300.000,00
;Total 152005 MAQUINARIA Y EQUIPO;;;;;;1.300.000,00;0,00;1.300.000,00
;159210 MAQUINARIA Y EQUIPO;;31/12/2025;SALDO INICIAL;;;0,00;234.000,00;-234.000,00
;;GVM CORPORATION GLOBAL VETERINARY MEDICINE S A S;31/01/2026;DEPRECIACION ENERO 2026  CONGELADOR CHALLENGER CH 199 LT;;(GCG) dp 96;0,00;9.750,00;-243.750,00
;;GVM CORPORATION GLOBAL VETERINARY MEDICINE S A S;28/02/2026;DEPRECIACION FEBRERO 2026  CONGELADOR CHALLENGER CH 199 LT;;(GCG) dp 97;0,00;9.750,00;-253.500,00
;;GVM CORPORATION GLOBAL VETERINARY MEDICINE S A S;31/03/2026;DEPRECIACION MARZO 2026  CONGELADOR CHALLENGER CH 199 LT;;(GCG) dp 98;0,00;9.750,00;-263.250,00
;Total 159210 MAQUINARIA Y EQUIPO;;;;;;0,00;263.250,00;-263.250,00
Total CONGELADOR CHALLENGER CH 199 LT ACTIF-089 CONGELADOR CHALLENGER;;;;;;;1.300.000,00;263.250,00;1.036.750,00
CONGELADOR INDUCOL CH-DPB180 142 LT ACTIF-118;152005 MAQUINARIA Y EQUIPO;;31/12/2025;SALDO INICIAL;;;950.000,00;0,00;950.000,00
;Total 152005 MAQUINARIA Y EQUIPO;;;;;;950.000,00;0,00;950.000,00
;159210 MAQUINARIA Y EQUIPO;;31/12/2025;SALDO INICIAL;;;0,00;142.500,00;-142.500,00
;;GVM CORPORATION GLOBAL VETERINARY MEDICINE S A S;31/01/2026;DEPRECIACION ENERO 2026  CONGELADOR INDUCOL CH-DPB180 142 LT;;(GCG) dp 96;0,00;7.125,00;-149.625,00
;;GVM CORPORATION GLOBAL VETERINARY MEDICINE S A S;28/02/2026;DEPRECIACION FEBRERO 2026  CONGELADOR INDUCOL CH-DPB180 142 LT;;(GCG) dp 97;0,00;7.125,00;-156.750,00
;;GVM CORPORATION GLOBAL VETERINARY MEDICINE S A S;31/03/2026;DEPRECIACION MARZO 2026  CONGELADOR INDUCOL CH-DPB180 142 LT;;(GCG) dp 98;0,00;7.125,00;-163.875,00
;Total 159210 MAQUINARIA Y EQUIPO;;;;;;0,00;163.875,00;-163.875,00
Total CONGELADOR INDUCOL CH-DPB180 142 LT ACTIF-118;;;;;;;950.000,00;163.875,00;786.125,00
CONGELADOR INDUCOL CH-DPB-260BL1 ACTIF-073 CONGELADOR INDUCOL;152005 MAQUINARIA Y EQUIPO;;31/12/2025;SALDO INICIAL;;;1.420.000,00;0,00;1.420.000,00
;Total 152005 MAQUINARIA Y EQUIPO;;;;;;1.420.000,00;0,00;1.420.000,00
;159210 MAQUINARIA Y EQUIPO;;31/12/2025;SALDO INICIAL;;;0,00;415.350,00;-415.350,00
;;GVM CORPORATION GLOBAL VETERINARY MEDICINE S A S;31/01/2026;DEPRECIACION ENERO 2026  CONGELADOR INDUCOL CH-DPB-260BL1;;(GCG) dp 96;0,00;10.650,00;-426.000,00
;;GVM CORPORATION GLOBAL VETERINARY MEDICINE S A S;28/02/2026;DEPRECIACION FEBRERO 2026  CONGELADOR INDUCOL CH-DPB-260BL1;;(GCG) dp 97;0,00;10.650,00;-436.650,00
;;GVM CORPORATION GLOBAL VETERINARY MEDICINE S A S;31/03/2026;DEPRECIACION MARZO 2026  CONGELADOR INDUCOL CH-DPB-260BL1;;(GCG) dp 98;0,00;10.650,00;-447.300,00
;Total 159210 MAQUINARIA Y EQUIPO;;;;;;0,00;447.300,00;-447.300,00
Total CONGELADOR INDUCOL CH-DPB-260BL1 ACTIF-073 CONGELADOR INDUCOL;;;;;;;1.420.000,00;447.300,00;972.700,00
CONGELADOR INDUFRIAL ICC ACTIF-051CONGELADOR INDUFRIAL;152005 MAQUINARIA Y EQUIPO;;31/12/2025;SALDO INICIAL;;;1.050.000,00;0,00;1.050.000,00
;Total 152005 MAQUINARIA Y EQUIPO;;;;;;1.050.000,00;0,00;1.050.000,00
;159210 MAQUINARIA Y EQUIPO;;31/12/2025;SALDO INICIAL;;;0,00;385.875,00;-385.875,00
;;GVM CORPORATION GLOBAL VETERINARY MEDICINE S A S;31/01/2026;DEPRECIACION ENERO 2026  CONGELADOR INDUFRIAL ICC;;(GCG) dp 96;0,00;7.875,00;-393.750,00
;;GVM CORPORATION GLOBAL VETERINARY MEDICINE S A S;28/02/2026;DEPRECIACION FEBRERO 2026  CONGELADOR INDUFRIAL ICC;;(GCG) dp 97;0,00;7.875,00;-401.625,00
;;GVM CORPORATION GLOBAL VETERINARY MEDICINE S A S;31/03/2026;DEPRECIACION MARZO 2026  CONGELADOR INDUFRIAL ICC;;(GCG) dp 98;0,00;7.875,00;-409.500,00
;Total 159210 MAQUINARIA Y EQUIPO;;;;;;0,00;409.500,00;-409.500,00
Total CONGELADOR INDUFRIAL ICC ACTIF-051CONGELADOR INDUFRIAL;;;;;;;1.050.000,00;409.500,00;640.500,00
CONGELADOR-ENFRIADOR DUAL PUER TA BATIENTE ACTIF-134;152005 MAQUINARIA Y EQUIPO;;31/12/2025;SALDO INICIAL;;;1.130.000,00;0,00;1.130.000,00
;Total 152005 MAQUINARIA Y EQUIPO;;;;;;1.130.000,00;0,00;1.130.000,00
;159210 MAQUINARIA Y EQUIPO;;31/12/2025;SALDO INICIAL;;;0,00;186.450,00;-186.450,00
;;GVM CORPORATION GLOBAL VETERINARY MEDICINE S A S;31/01/2026;DEPRECIACION ENERO 2026  CONGELADOR-ENFRIADOR DUAL PUER TA BATIENTE;;(GCG) dp 96;0,00;16.950,00;-203.400,00
;;GVM CORPORATION GLOBAL VETERINARY MEDICINE S A S;28/02/2026;DEPRECIACION FEBRERO 2026  CONGELADOR-ENFRIADOR DUAL PUER TA BATIENTE;;(GCG) dp 97;0,00;16.950,00;-220.350,00
;;GVM CORPORATION GLOBAL VETERINARY MEDICINE S A S;31/03/2026;DEPRECIACION MARZO 2026  CONGELADOR-ENFRIADOR DUAL PUER TA BATIENTE;;(GCG) dp 98;0,00;16.950,00;-237.300,00
;Total 159210 MAQUINARIA Y EQUIPO;;;;;;0,00;237.300,00;-237.300,00
Total CONGELADOR-ENFRIADOR DUAL PUER TA BATIENTE ACTIF-134;;;;;;;1.130.000,00;237.300,00;892.700,00
COSCO CARRETILLA 3 EN 1 ACTIF-079 COSCO CARRETILLA;152005 MAQUINARIA Y EQUIPO;;31/12/2025;SALDO INICIAL;;;2.999.600,00;0,00;2.999.600,00
;Total 152005 MAQUINARIA Y EQUIPO;;;;;;2.999.600,00;0,00;2.999.600,00
;159210 MAQUINARIA Y EQUIPO;;31/12/2025;SALDO INICIAL;;;0,00;524.025,00;-524.025,00
;;GVM CORPORATION GLOBAL VETERINARY MEDICINE S A S;31/01/2026;DEPRECIACION ENERO 2026  COSCO CARRETILLA 3 EN 1;;(GCG) dp 96;0,00;24.280,00;-548.305,00
;;GVM CORPORATION GLOBAL VETERINARY MEDICINE S A S;28/02/2026;DEPRECIACION FEBRERO 2026  COSCO CARRETILLA 3 EN 1;;(GCG) dp 97;0,00;24.280,00;-572.585,00
;;GVM CORPORATION GLOBAL VETERINARY MEDICINE S A S;31/03/2026;DEPRECIACION MARZO 2026  COSCO CARRETILLA 3 EN 1;;(GCG) dp 98;0,00;24.280,00;-596.865,00
;Total 159210 MAQUINARIA Y EQUIPO;;;;;;0,00;596.865,00;-596.865,00
Total COSCO CARRETILLA 3 EN 1 ACTIF-079 COSCO CARRETILLA;;;;;;;2.999.600,00;596.865,00;2.402.735,00
CUARTO MODULAR DE REFRIGERACION ACTIF-160;152005 MAQUINARIA Y EQUIPO;JAM FOODSERVICE SAS;08/01/2026;FC1186 CUARTO MODULAR DE REFRIGERACION BOG;;(GCG) FC 41;59.000.000,00;0,00;59.000.000,00
;Total 152005 MAQUINARIA Y EQUIPO;;;;;;59.000.000,00;0,00;59.000.000,00
;159210 MAQUINARIA Y EQUIPO;GVM CORPORATION GLOBAL VETERINARY MEDICINE S A S;31/01/2026;DEPRECIACION ENERO 2026  CUARTO MODULAR DE REFRIGERACION;;(GCG) dp 96;0,00;442.500,00;-442.500,00
;;GVM CORPORATION GLOBAL VETERINARY MEDICINE S A S;28/02/2026;DEPRECIACION FEBRERO 2026  CUARTO MODULAR DE REFRIGERACION;;(GCG) dp 97;0,00;442.500,00;-885.000,00
;;GVM CORPORATION GLOBAL VETERINARY MEDICINE S A S;31/03/2026;DEPRECIACION MARZO 2026  CUARTO MODULAR DE REFRIGERACION;;(GCG) dp 98;0,00;442.500,00;-1.327.500,00
;Total 159210 MAQUINARIA Y EQUIPO;;;;;;0,00;1.327.500,00;-1.327.500,00
Total CUARTO MODULAR DE REFRIGERACION ACTIF-160;;;;;;;59.000.000,00;1.327.500,00;57.672.500,00
DATALOGGER TZONE DIGITAL TECH ACTIF-124;152005 MAQUINARIA Y EQUIPO;;31/12/2025;SALDO INICIAL;;;1.076.950,00;0,00;1.076.950,00
;Total 152005 MAQUINARIA Y EQUIPO;;;;;;1.076.950,00;0,00;1.076.950,00
;159210 MAQUINARIA Y EQUIPO;;31/12/2025;SALDO INICIAL;;;0,00;224.192,00;-224.192,00
;;GVM CORPORATION GLOBAL VETERINARY MEDICINE S A S;31/01/2026;DEPRECIACION ENERO 2026  DATALOGGER TZONE DIGITAL TECH;;(GCG) dp 96;0,00;17.582,00;-241.774,00
;;GVM CORPORATION GLOBAL VETERINARY MEDICINE S A S;28/02/2026;DEPRECIACION FEBRERO 2026  DATALOGGER TZONE DIGITAL TECH;;(GCG) dp 97;0,00;17.582,00;-259.356,00
;;GVM CORPORATION GLOBAL VETERINARY MEDICINE S A S;31/03/2026;DEPRECIACION MARZO 2026  DATALOGGER TZONE DIGITAL TECH;;(GCG) dp 98;0,00;17.582,00;-276.938,00
;Total 159210 MAQUINARIA Y EQUIPO;;;;;;0,00;276.938,00;-276.938,00
Total DATALOGGER TZONE DIGITAL TECH ACTIF-124;;;;;;;1.076.950,00;276.938,00;800.012,00
DESCANSAPIES 3 ALTURAS HUELLAS X 10 UND ACTIF-151;152410 EQUIPOS;;31/12/2025;SALDO INICIAL;;;929.000,00;0,00;929.000,00
;Total 152410 EQUIPOS;;;;;;929.000,00;0,00;929.000,00
;159215 EQUIPO DE OFICINA;;31/12/2025;SALDO INICIAL;;;0,00;20.904,00;-20.904,00
;;GVM CORPORATION GLOBAL VETERINARY MEDICINE S A S;31/01/2026;DEPRECIACION ENERO 2026  DESCANSAPIES 3 ALTURAS HUELLAS X 10 UND;;(GCG) dp 96;0,00;6.968,00;-27.872,00
;;GVM CORPORATION GLOBAL VETERINARY MEDICINE S A S;28/02/2026;DEPRECIACION FEBRERO 2026  DESCANSAPIES 3 ALTURAS HUELLAS X 10 UND;;(GCG) dp 97;0,00;6.968,00;-34.840,00
;;GVM CORPORATION GLOBAL VETERINARY MEDICINE S A S;31/03/2026;DEPRECIACION MARZO 2026  DESCANSAPIES 3 ALTURAS HUELLAS X 10 UND;;(GCG) dp 98;0,00;6.968,00;-41.808,00
;Total 159215 EQUIPO DE OFICINA;;;;;;0,00;41.808,00;-41.808,00
Total DESCANSAPIES 3 ALTURAS HUELLAS X 10 UND ACTIF-151;;;;;;;929.000,00;41.808,00;887.192,00
DISCO DURO 1TB 17DOARK ACTIF-075 DISCO DURO;152805 EQUIPOS DE PROCESAMIENTO DE DATOS;;31/12/2025;SALDO INICIAL;;;190.000,00;0,00;190.000,00
;Total 152805 EQUIPOS DE PROCESAMIENTO DE DATOS;;;;;;190.000,00;0,00;190.000,00
;159220 EQUIPO DE COMPUTACION Y COMUNICACION;;31/12/2025;SALDO INICIAL;;;0,00;105.450,00;-105.450,00
;;GVM CORPORATION GLOBAL VETERINARY MEDICINE S A S;31/01/2026;DEPRECIACION ENERO 2026  DISCO DURO 1TB 17DOARK;;(GCG) dp 96;0,00;2.850,00;-108.300,00
;;GVM CORPORATION GLOBAL VETERINARY MEDICINE S A S;28/02/2026;DEPRECIACION FEBRERO 2026  DISCO DURO 1TB 17DOARK;;(GCG) dp 97;0,00;2.850,00;-111.150,00
;;GVM CORPORATION GLOBAL VETERINARY MEDICINE S A S;31/03/2026;DEPRECIACION MARZO 2026  DISCO DURO 1TB 17DOARK;;(GCG) dp 98;0,00;2.850,00;-114.000,00
;Total 159220 EQUIPO DE COMPUTACION Y COMUNICACION;;;;;;0,00;114.000,00;-114.000,00
Total DISCO DURO 1TB 17DOARK ACTIF-075 DISCO DURO;;;;;;;190.000,00;114.000,00;76.000,00
DVR DE 16 CANALES PENTAHIBRIDO ACTIF-033 DVR DE 16 CANALES PENTAHIBRIDO;152805 EQUIPOS DE PROCESAMIENTO DE DATOS;;31/12/2025;SALDO INICIAL;;;370.000,00;0,00;370.000,00
;Total 152805 EQUIPOS DE PROCESAMIENTO DE DATOS;;;;;;370.000,00;0,00;370.000,00
;159220 EQUIPO DE COMPUTACION Y COMUNICACION;;31/12/2025;SALDO INICIAL;;;0,00;333.000,00;-333.000,00
;Total 159220 EQUIPO DE COMPUTACION Y COMUNICACION;;;;;;0,00;333.000,00;-333.000,00
Total DVR DE 16 CANALES PENTAHIBRIDO ACTIF-033 DVR DE 16 CANALES PENTAHIBRIDO;;;;;;;370.000,00;333.000,00;37.000,00
EQUIPO DE COMPUTO ACER VERITON ACTIF-040 EQUIPO DE COMPUTO ACER VERITON;152810 EQUIPOS DE TELECOMUNICACIONES;;31/12/2025;SALDO INICIAL;;;2.120.000,00;0,00;2.120.000,00
;Total 152810 EQUIPOS DE TELECOMUNICACIONES;;;;;;2.120.000,00;0,00;2.120.000,00
;159220 EQUIPO DE COMPUTACION Y COMUNICACION;;31/12/2025;SALDO INICIAL;;;0,00;1.685.400,00;-1.685.400,00
;Total 159220 EQUIPO DE COMPUTACION Y COMUNICACION;;;;;;0,00;1.685.400,00;-1.685.400,00
Total EQUIPO DE COMPUTO ACER VERITON ACTIF-040 EQUIPO DE COMPUTO ACER VERITON;;;;;;;2.120.000,00;1.685.400,00;434.600,00
EQUIPO DE COMPUTO DELL OPTIPLEX 7050 ACTIF-004;152805 EQUIPOS DE PROCESAMIENTO DE DATOS;;31/12/2025;SALDO INICIAL;;;2.685.416,00;0,00;2.685.416,00
;Total 152805 EQUIPOS DE PROCESAMIENTO DE DATOS;;;;;;2.685.416,00;0,00;2.685.416,00
;159220 EQUIPO DE COMPUTACION Y COMUNICACION;;31/12/2025;SALDO INICIAL;;;0,00;2.403.270,00;-2.403.270,00
;Total 159220 EQUIPO DE COMPUTACION Y COMUNICACION;;;;;;0,00;2.403.270,00;-2.403.270,00
Total EQUIPO DE COMPUTO DELL OPTIPLEX 7050 ACTIF-004;;;;;;;2.685.416,00;2.403.270,00;282.146,00
ESCALERA MULTINFUCIONAL 113 KG ACTIF-122;152405 MUEBLES Y ENSERES;;31/12/2025;SALDO INICIAL;;;470.000,00;0,00;470.000,00
;Total 152405 MUEBLES Y ENSERES;;;;;;470.000,00;0,00;470.000,00
;159215 EQUIPO DE OFICINA;;31/12/2025;SALDO INICIAL;;;0,00;59.925,00;-59.925,00
;;GVM CORPORATION GLOBAL VETERINARY MEDICINE S A S;31/01/2026;DEPRECIACION ENERO 2026  ESCALERA MULTINFUCIONAL 113 KG;;(GCG) dp 96;0,00;3.525,00;-63.450,00
;;GVM CORPORATION GLOBAL VETERINARY MEDICINE S A S;28/02/2026;DEPRECIACION FEBRERO 2026  ESCALERA MULTINFUCIONAL 113 KG;;(GCG) dp 97;0,00;3.525,00;-66.975,00
;;GVM CORPORATION GLOBAL VETERINARY MEDICINE S A S;31/03/2026;DEPRECIACION MARZO 2026  ESCALERA MULTINFUCIONAL 113 KG;;(GCG) dp 98;0,00;3.525,00;-70.500,00
;Total 159215 EQUIPO DE OFICINA;;;;;;0,00;70.500,00;-70.500,00
Total ESCALERA MULTINFUCIONAL 113 KG ACTIF-122;;;;;;;470.000,00;70.500,00;399.500,00
ESCALERILLA WENGUE ACTIF-066 ESCALERILLA WENGUE;152405 MUEBLES Y ENSERES;;31/12/2025;SALDO INICIAL;;;39.999,00;0,00;39.999,00
;Total 152405 MUEBLES Y ENSERES;;;;;;39.999,00;0,00;39.999,00
;159215 EQUIPO DE OFICINA;;31/12/2025;SALDO INICIAL;;;0,00;12.300,00;-12.300,00
;;GVM CORPORATION GLOBAL VETERINARY MEDICINE S A S;31/01/2026;DEPRECIACION ENERO 2026  ESCALERILLA WENGUE;;(GCG) dp 96;0,00;300,00;-12.600,00
;;GVM CORPORATION GLOBAL VETERINARY MEDICINE S A S;28/02/2026;DEPRECIACION FEBRERO 2026  ESCALERILLA WENGUE;;(GCG) dp 97;0,00;300,00;-12.900,00
;;GVM CORPORATION GLOBAL VETERINARY MEDICINE S A S;31/03/2026;DEPRECIACION MARZO 2026  ESCALERILLA WENGUE;;(GCG) dp 98;0,00;300,00;-13.200,00
;Total 159215 EQUIPO DE OFICINA;;;;;;0,00;13.200,00;-13.200,00
Total ESCALERILLA WENGUE ACTIF-066 ESCALERILLA WENGUE;;;;;;;39.999,00;13.200,00;26.799,00
ESCRITORIO CON ARCHIVADOR ACTIF-105;152405 MUEBLES Y ENSERES;;31/12/2025;SALDO INICIAL;;;600.000,00;0,00;600.000,00
;Total 152405 MUEBLES Y ENSERES;;;;;;600.000,00;0,00;600.000,00
;159215 EQUIPO DE OFICINA;;31/12/2025;SALDO INICIAL;;;0,00;103.500,00;-103.500,00
;;GVM CORPORATION GLOBAL VETERINARY MEDICINE S A S;31/01/2026;DEPRECIACION ENERO 2026  ESCRITORIO CON ARCHIVADOR;;(GCG) dp 96;0,00;4.500,00;-108.000,00
;;GVM CORPORATION GLOBAL VETERINARY MEDICINE S A S;28/02/2026;DEPRECIACION FEBRERO 2026  ESCRITORIO CON ARCHIVADOR;;(GCG) dp 97;0,00;4.500,00;-112.500,00
;;GVM CORPORATION GLOBAL VETERINARY MEDICINE S A S;31/03/2026;DEPRECIACION MARZO 2026  ESCRITORIO CON ARCHIVADOR;;(GCG) dp 98;0,00;4.500,00;-117.000,00
;Total 159215 EQUIPO DE OFICINA;;;;;;0,00;117.000,00;-117.000,00
Total ESCRITORIO CON ARCHIVADOR ACTIF-105;;;;;;;600.000,00;117.000,00;483.000,00
ESCRITORIO DELUXE ACTIF-006;152410 EQUIPOS;;31/12/2025;SALDO INICIAL;;;400.000,00;0,00;400.000,00
;Total 152410 EQUIPOS;;;;;;400.000,00;0,00;400.000,00
;159215 EQUIPO DE OFICINA;;31/12/2025;SALDO INICIAL;;;0,00;360.000,00;-360.000,00
;Total 159215 EQUIPO DE OFICINA;;;;;;0,00;360.000,00;-360.000,00
Total ESCRITORIO DELUXE ACTIF-006;;;;;;;400.000,00;360.000,00;40.000,00
ESCRITORIO ELE ACTIF-005;152410 EQUIPOS;;31/12/2025;SALDO INICIAL;;;390.000,00;0,00;390.000,00
;Total 152410 EQUIPOS;;;;;;390.000,00;0,00;390.000,00
;159215 EQUIPO DE OFICINA;;31/12/2025;SALDO INICIAL;;;0,00;351.000,00;-351.000,00
;Total 159215 EQUIPO DE OFICINA;;;;;;0,00;351.000,00;-351.000,00
Total ESCRITORIO ELE ACTIF-005;;;;;;;390.000,00;351.000,00;39.000,00
ESCRITORIO L COVALT ACTIF-116;152405 MUEBLES Y ENSERES;;31/12/2025;SALDO INICIAL;;;315.921,00;0,00;315.921,00
;Total 152405 MUEBLES Y ENSERES;;;;;;315.921,00;0,00;315.921,00
;159215 EQUIPO DE OFICINA;;31/12/2025;SALDO INICIAL;;;0,00;49.749,00;-49.749,00
;;GVM CORPORATION GLOBAL VETERINARY MEDICINE S A S;31/01/2026;DEPRECIACION ENERO 2026  ESCRITORIO L COVALT;;(GCG) dp 96;0,00;2.369,00;-52.118,00
;;GVM CORPORATION GLOBAL VETERINARY MEDICINE S A S;28/02/2026;DEPRECIACION FEBRERO 2026  ESCRITORIO L COVALT;;(GCG) dp 97;0,00;2.369,00;-54.487,00
;;GVM CORPORATION GLOBAL VETERINARY MEDICINE S A S;31/03/2026;DEPRECIACION MARZO 2026  ESCRITORIO L COVALT;;(GCG) dp 98;0,00;2.369,00;-56.856,00
;Total 159215 EQUIPO DE OFICINA;;;;;;0,00;56.856,00;-56.856,00
Total ESCRITORIO L COVALT ACTIF-116;;;;;;;315.921,00;56.856,00;259.065,00
ESCRITORIOS  DE OFICINA ACTIF-038 ESCRITORIOS  DE OFICINA;152405 MUEBLES Y ENSERES;;31/12/2025;SALDO INICIAL;;;8.299.100,00;0,00;8.299.100,00
;Total 152405 MUEBLES Y ENSERES;;;;;;8.299.100,00;0,00;8.299.100,00
;159215 EQUIPO DE OFICINA;;31/12/2025;SALDO INICIAL;;;0,00;3.374.622,00;-3.374.622,00
;;GVM CORPORATION GLOBAL VETERINARY MEDICINE S A S;31/01/2026;DEPRECIACION ENERO 2026  ESCRITORIOS  DE OFICINA;;(GCG) dp 96;0,00;62.493,00;-3.437.115,00
;;GVM CORPORATION GLOBAL VETERINARY MEDICINE S A S;28/02/2026;DEPRECIACION FEBRERO 2026  ESCRITORIOS  DE OFICINA;;(GCG) dp 97;0,00;62.493,00;-3.499.608,00
;;GVM CORPORATION GLOBAL VETERINARY MEDICINE S A S;31/03/2026;DEPRECIACION MARZO 2026  ESCRITORIOS  DE OFICINA;;(GCG) dp 98;0,00;62.493,00;-3.562.101,00
;Total 159215 EQUIPO DE OFICINA;;;;;;0,00;3.562.101,00;-3.562.101,00
Total ESCRITORIOS  DE OFICINA ACTIF-038 ESCRITORIOS  DE OFICINA;;;;;;;8.299.100,00;3.562.101,00;4.736.999,00
ESTANTERIA ACTIF-010;152405 MUEBLES Y ENSERES;;31/12/2025;SALDO INICIAL;;;2.335.640,00;0,00;2.335.640,00
;Total 152405 MUEBLES Y ENSERES;;;;;;2.335.640,00;0,00;2.335.640,00
;159215 EQUIPO DE OFICINA;;31/12/2025;SALDO INICIAL;;;0,00;2.056.040,00;-2.056.040,00
;Total 159215 EQUIPO DE OFICINA;;;;;;0,00;2.056.040,00;-2.056.040,00
Total ESTANTERIA ACTIF-010;;;;;;;2.335.640,00;2.056.040,00;279.600,00
ESTANTERIA CUARTO FRIO ACTIF-166;152405 MUEBLES Y ENSERES;CARDENAS GIL JHON JAIRO;02/03/2026;CC 02 COMPRA ESTANTERIA CUARTO FRIO BOG;;(GCG) FC 11786;12.820.000,00;0,00;12.820.000,00
;Total 152405 MUEBLES Y ENSERES;;;;;;12.820.000,00;0,00;12.820.000,00
;159215 EQUIPO DE OFICINA;GVM CORPORATION GLOBAL VETERINARY MEDICINE S A S;31/03/2026;DEPRECIACION MARZO 2026  ESTANTERIA CUARTO FRIO;;(GCG) dp 98;0,00;96.150,00;-96.150,00
;Total 159215 EQUIPO DE OFICINA;;;;;;0,00;96.150,00;-96.150,00
Total ESTANTERIA CUARTO FRIO ACTIF-166;;;;;;;12.820.000,00;96.150,00;12.723.850,00
ESTANTERIA GONDOLA-GALVANIZADA-VIGA ACTIF-111;152405 MUEBLES Y ENSERES;;31/12/2025;SALDO INICIAL;;;4.983.958,00;0,00;4.983.958,00
;Total 152405 MUEBLES Y ENSERES;;;;;;4.983.958,00;0,00;4.983.958,00
;159215 EQUIPO DE OFICINA;;31/12/2025;SALDO INICIAL;;;0,00;822.360,00;-822.360,00
;;GVM CORPORATION GLOBAL VETERINARY MEDICINE S A S;31/01/2026;DEPRECIACION ENERO 2026  ESTANTERIA GONDOLA-GALVANIZADA-VIGA;;(GCG) dp 96;0,00;37.380,00;-859.740,00
;;GVM CORPORATION GLOBAL VETERINARY MEDICINE S A S;28/02/2026;DEPRECIACION FEBRERO 2026  ESTANTERIA GONDOLA-GALVANIZADA-VIGA;;(GCG) dp 97;0,00;37.380,00;-897.120,00
;;GVM CORPORATION GLOBAL VETERINARY MEDICINE S A S;31/03/2026;DEPRECIACION MARZO 2026  ESTANTERIA GONDOLA-GALVANIZADA-VIGA;;(GCG) dp 98;0,00;37.380,00;-934.500,00
;Total 159215 EQUIPO DE OFICINA;;;;;;0,00;934.500,00;-934.500,00
Total ESTANTERIA GONDOLA-GALVANIZADA-VIGA ACTIF-111;;;;;;;4.983.958,00;934.500,00;4.049.458,00
ESTANTERIA METALICA 2.00 *90 * 2.70 CM ACTIF-147;152405 MUEBLES Y ENSERES;;31/12/2025;SALDO INICIAL;;;10.424.772,00;0,00;10.424.772,00
;Total 152405 MUEBLES Y ENSERES;;;;;;10.424.772,00;0,00;10.424.772,00
;159215 EQUIPO DE OFICINA;;31/12/2025;SALDO INICIAL;;;0,00;427.125,00;-427.125,00
;;GVM CORPORATION GLOBAL VETERINARY MEDICINE S A S;31/01/2026;DEPRECIACION ENERO 2026  ESTANTERIA METALICA 2.00 *90 * 2.70 CM;;(GCG) dp 96;0,00;85.425,00;-512.550,00
;;GVM CORPORATION GLOBAL VETERINARY MEDICINE S A S;28/02/2026;DEPRECIACION FEBRERO 2026  ESTANTERIA METALICA 2.00 *90 * 2.70 CM;;(GCG) dp 97;0,00;85.425,00;-597.975,00
;;GVM CORPORATION GLOBAL VETERINARY MEDICINE S A S;31/03/2026;DEPRECIACION MARZO 2026  ESTANTERIA METALICA 2.00 *90 * 2.70 CM;;(GCG) dp 98;0,00;85.425,00;-683.400,00
;Total 159215 EQUIPO DE OFICINA;;;;;;0,00;683.400,00;-683.400,00
Total ESTANTERIA METALICA 2.00 *90 * 2.70 CM ACTIF-147;;;;;;;10.424.772,00;683.400,00;9.741.372,00
ESTANTERIA METALICA 2.20 *90-1.20 * 2.20-2.60 CM ACTIF-148;152405 MUEBLES Y ENSERES;;31/12/2025;SALDO INICIAL;;;2.684.682,00;0,00;2.684.682,00
;Total 152405 MUEBLES Y ENSERES;;;;;;2.684.682,00;0,00;2.684.682,00
;159215 EQUIPO DE OFICINA;;31/12/2025;SALDO INICIAL;;;0,00;106.270,00;-106.270,00
;;GVM CORPORATION GLOBAL VETERINARY MEDICINE S A S;31/01/2026;DEPRECIACION ENERO 2026  ESTANTERIA METALICA 2.20 *90-1.20 * 2.20-2.60 CM;;(GCG) dp 96;0,00;21.254,00;-127.524,00
;;GVM CORPORATION GLOBAL VETERINARY MEDICINE S A S;28/02/2026;DEPRECIACION FEBRERO 2026  ESTANTERIA METALICA 2.20 *90-1.20 * 2.20-2.60 CM;;(GCG) dp 97;0,00;21.254,00;-148.778,00
;;GVM CORPORATION GLOBAL VETERINARY MEDICINE S A S;31/03/2026;DEPRECIACION MARZO 2026  ESTANTERIA METALICA 2.20 *90-1.20 * 2.20-2.60 CM;;(GCG) dp 98;0,00;21.254,00;-170.032,00
;Total 159215 EQUIPO DE OFICINA;;;;;;0,00;170.032,00;-170.032,00
Total ESTANTERIA METALICA 2.20 *90-1.20 * 2.20-2.60 CM ACTIF-148;;;;;;;2.684.682,00;170.032,00;2.514.650,00
ESTANTERIA METALICA 2.30 * 90 * 2.40 CM ACTIF-145;152405 MUEBLES Y ENSERES;;31/12/2025;SALDO INICIAL;;;7.133.848,00;0,00;7.133.848,00
;Total 152405 MUEBLES Y ENSERES;;;;;;7.133.848,00;0,00;7.133.848,00
;159215 EQUIPO DE OFICINA;;31/12/2025;SALDO INICIAL;;;0,00;289.815,00;-289.815,00
;;GVM CORPORATION GLOBAL VETERINARY MEDICINE S A S;31/01/2026;DEPRECIACION ENERO 2026  ESTANTERIA METALICA 2.30 * 90 * 2.40 CM;;(GCG) dp 96;0,00;57.963,00;-347.778,00
;;GVM CORPORATION GLOBAL VETERINARY MEDICINE S A S;28/02/2026;DEPRECIACION FEBRERO 2026  ESTANTERIA METALICA 2.30 * 90 * 2.40 CM;;(GCG) dp 97;0,00;57.963,00;-405.741,00
;;GVM CORPORATION GLOBAL VETERINARY MEDICINE S A S;31/03/2026;DEPRECIACION MARZO 2026  ESTANTERIA METALICA 2.30 * 90 * 2.40 CM;;(GCG) dp 98;0,00;57.963,00;-463.704,00
;Total 159215 EQUIPO DE OFICINA;;;;;;0,00;463.704,00;-463.704,00
Total ESTANTERIA METALICA 2.30 * 90 * 2.40 CM ACTIF-145;;;;;;;7.133.848,00;463.704,00;6.670.144,00
ESTANTERIA METALICA 2.40 * 120 * 2.80 - 2.00 CM ACTIF-146;152405 MUEBLES Y ENSERES;;31/12/2025;SALDO INICIAL;;;5.691.384,00;0,00;5.691.384,00
;Total 152405 MUEBLES Y ENSERES;;;;;;5.691.384,00;0,00;5.691.384,00
;159215 EQUIPO DE OFICINA;;31/12/2025;SALDO INICIAL;;;0,00;229.235,00;-229.235,00
;;GVM CORPORATION GLOBAL VETERINARY MEDICINE S A S;31/01/2026;DEPRECIACION ENERO 2026  ESTANTERIA METALICA 2.40 * 120 * 2.80 - 2.00 CM;;(GCG) dp 96;0,00;45.847,00;-275.082,00
;;GVM CORPORATION GLOBAL VETERINARY MEDICINE S A S;28/02/2026;DEPRECIACION FEBRERO 2026  ESTANTERIA METALICA 2.40 * 120 * 2.80 - 2.00 CM;;(GCG) dp 97;0,00;45.847,00;-320.929,00
;;GVM CORPORATION GLOBAL VETERINARY MEDICINE S A S;31/03/2026;DEPRECIACION MARZO 2026  ESTANTERIA METALICA 2.40 * 120 * 2.80 - 2.00 CM;;(GCG) dp 98;0,00;45.847,00;-366.776,00
;Total 159215 EQUIPO DE OFICINA;;;;;;0,00;366.776,00;-366.776,00
Total ESTANTERIA METALICA 2.40 * 120 * 2.80 - 2.00 CM ACTIF-146;;;;;;;5.691.384,00;366.776,00;5.324.608,00
ESTANTERIA METALICA ACTIF-056 ESTANTERIA METALICA;152405 MUEBLES Y ENSERES;;31/12/2025;SALDO INICIAL;;;1.560.000,00;0,00;1.560.000,00
;Total 152405 MUEBLES Y ENSERES;;;;;;1.560.000,00;0,00;1.560.000,00
;159215 EQUIPO DE OFICINA;;31/12/2025;SALDO INICIAL;;;0,00;503.100,00;-503.100,00
;;GVM CORPORATION GLOBAL VETERINARY MEDICINE S A S;31/01/2026;DEPRECIACION ENERO 2026  ESTANTERIA METALICA;;(GCG) dp 96;0,00;11.700,00;-514.800,00
;;GVM CORPORATION GLOBAL VETERINARY MEDICINE S A S;28/02/2026;DEPRECIACION FEBRERO 2026  ESTANTERIA METALICA;;(GCG) dp 97;0,00;11.700,00;-526.500,00
;;GVM CORPORATION GLOBAL VETERINARY MEDICINE S A S;31/03/2026;DEPRECIACION MARZO 2026  ESTANTERIA METALICA;;(GCG) dp 98;0,00;11.700,00;-538.200,00
;Total 159215 EQUIPO DE OFICINA;;;;;;0,00;538.200,00;-538.200,00
Total ESTANTERIA METALICA ACTIF-056 ESTANTERIA METALICA;;;;;;;1.560.000,00;538.200,00;1.021.800,00
ESTANTERIA METALICA AMARILLA-FORMALETA ACTIF-130;152405 MUEBLES Y ENSERES;;31/12/2025;SALDO INICIAL;;;1.644.878,00;0,00;1.644.878,00
;Total 152405 MUEBLES Y ENSERES;;;;;;1.644.878,00;0,00;1.644.878,00
;159215 EQUIPO DE OFICINA;;31/12/2025;SALDO INICIAL;;;0,00;160.381,00;-160.381,00
;;GVM CORPORATION GLOBAL VETERINARY MEDICINE S A S;31/01/2026;DEPRECIACION ENERO 2026  ESTANTERIA METALICA AMARILLA-FORMALETA;;(GCG) dp 96;0,00;12.337,00;-172.718,00
;;GVM CORPORATION GLOBAL VETERINARY MEDICINE S A S;28/02/2026;DEPRECIACION FEBRERO 2026  ESTANTERIA METALICA AMARILLA-FORMALETA;;(GCG) dp 97;0,00;12.337,00;-185.055,00
;;GVM CORPORATION GLOBAL VETERINARY MEDICINE S A S;31/03/2026;DEPRECIACION MARZO 2026  ESTANTERIA METALICA AMARILLA-FORMALETA;;(GCG) dp 98;0,00;12.337,00;-197.392,00
;Total 159215 EQUIPO DE OFICINA;;;;;;0,00;197.392,00;-197.392,00
Total ESTANTERIA METALICA AMARILLA-FORMALETA ACTIF-130;;;;;;;1.644.878,00;197.392,00;1.447.486,00
ESTANTERIA METALICA LAMINA ACTIF-061 ESTANTERIA METALICA LAMINA;152405 MUEBLES Y ENSERES;;31/12/2025;SALDO INICIAL;;;5.485.900,00;0,00;5.485.900,00
;Total 152405 MUEBLES Y ENSERES;;;;;;5.485.900,00;0,00;5.485.900,00
;159215 EQUIPO DE OFICINA;;31/12/2025;SALDO INICIAL;;;0,00;1.553.908,00;-1.553.908,00
;;GVM CORPORATION GLOBAL VETERINARY MEDICINE S A S;31/01/2026;DEPRECIACION ENERO 2026  ESTANTERIA METALICA LAMINA;;(GCG) dp 96;0,00;42.505,00;-1.596.413,00
;;GVM CORPORATION GLOBAL VETERINARY MEDICINE S A S;28/02/2026;DEPRECIACION FEBRERO 2026  ESTANTERIA METALICA LAMINA;;(GCG) dp 97;0,00;42.505,00;-1.638.918,00
;;GVM CORPORATION GLOBAL VETERINARY MEDICINE S A S;31/03/2026;DEPRECIACION MARZO 2026  ESTANTERIA METALICA LAMINA;;(GCG) dp 98;0,00;42.505,00;-1.681.423,00
;Total 159215 EQUIPO DE OFICINA;;;;;;0,00;1.681.423,00;-1.681.423,00
Total ESTANTERIA METALICA LAMINA ACTIF-061 ESTANTERIA METALICA LAMINA;;;;;;;5.485.900,00;1.681.423,00;3.804.477,00
ESTANTERIAS ACTIF-087 ESTANTERIAS;152405 MUEBLES Y ENSERES;;31/12/2025;SALDO INICIAL;;;1.368.000,00;0,00;1.368.000,00
;Total 152405 MUEBLES Y ENSERES;;;;;;1.368.000,00;0,00;1.368.000,00
;159215 EQUIPO DE OFICINA;;31/12/2025;SALDO INICIAL;;;0,00;560.500,00;-560.500,00
;;GVM CORPORATION GLOBAL VETERINARY MEDICINE S A S;31/01/2026;DEPRECIACION ENERO 2026  ESTANTERIAS;;(GCG) dp 96;0,00;22.420,00;-582.920,00
;;GVM CORPORATION GLOBAL VETERINARY MEDICINE S A S;28/02/2026;DEPRECIACION FEBRERO 2026  ESTANTERIAS;;(GCG) dp 97;0,00;22.420,00;-605.340,00
;;GVM CORPORATION GLOBAL VETERINARY MEDICINE S A S;31/03/2026;DEPRECIACION MARZO 2026  ESTANTERIAS;;(GCG) dp 98;0,00;22.420,00;-627.760,00
;Total 159215 EQUIPO DE OFICINA;;;;;;0,00;627.760,00;-627.760,00
Total ESTANTERIAS ACTIF-087 ESTANTERIAS;;;;;;;1.368.000,00;627.760,00;740.240,00
ESTIBA DE MADERA PLASTICA DE 120*100*11 CM ACTIF-083 ESTIBA DE MADERA;152405 MUEBLES Y ENSERES;;31/12/2025;SALDO INICIAL;;;1.789.284,00;0,00;1.789.284,00
;Total 152405 MUEBLES Y ENSERES;;;;;;1.789.284,00;0,00;1.789.284,00
;159215 EQUIPO DE OFICINA;;31/12/2025;SALDO INICIAL;;;0,00;389.180,00;-389.180,00
;;GVM CORPORATION GLOBAL VETERINARY MEDICINE S A S;31/01/2026;DEPRECIACION ENERO 2026  ESTIBA DE MADERA PLASTICA DE 120*100*11 CM;;(GCG) dp 96;0,00;13.420,00;-402.600,00
;;GVM CORPORATION GLOBAL VETERINARY MEDICINE S A S;28/02/2026;DEPRECIACION FEBRERO 2026  ESTIBA DE MADERA PLASTICA DE 120*100*11 CM;;(GCG) dp 97;0,00;13.420,00;-416.020,00
;;GVM CORPORATION GLOBAL VETERINARY MEDICINE S A S;31/03/2026;DEPRECIACION MARZO 2026  ESTIBA DE MADERA PLASTICA DE 120*100*11 CM;;(GCG) dp 98;0,00;13.420,00;-429.440,00
;Total 159215 EQUIPO DE OFICINA;;;;;;0,00;429.440,00;-429.440,00
Total ESTIBA DE MADERA PLASTICA DE 120*100*11 CM ACTIF-083 ESTIBA DE MADERA;;;;;;;1.789.284,00;429.440,00;1.359.844,00
ESTIBA INDUSTRIAL DE 120*100*14 CM ACTID-123;152405 MUEBLES Y ENSERES;;31/12/2025;SALDO INICIAL;;;2.340.000,00;0,00;2.340.000,00
;Total 152405 MUEBLES Y ENSERES;;;;;;2.340.000,00;0,00;2.340.000,00
;159215 EQUIPO DE OFICINA;;31/12/2025;SALDO INICIAL;;;0,00;310.800,00;-310.800,00
;;GVM CORPORATION GLOBAL VETERINARY MEDICINE S A S;31/01/2026;DEPRECIACION ENERO 2026  ESTIBA INDUSTRIAL DE 120*100*14 CM;;(GCG) dp 96;0,00;19.425,00;-330.225,00
;;GVM CORPORATION GLOBAL VETERINARY MEDICINE S A S;28/02/2026;DEPRECIACION FEBRERO 2026  ESTIBA INDUSTRIAL DE 120*100*14 CM;;(GCG) dp 97;0,00;19.425,00;-349.650,00
;;GVM CORPORATION GLOBAL VETERINARY MEDICINE S A S;31/03/2026;DEPRECIACION MARZO 2026  ESTIBA INDUSTRIAL DE 120*100*14 CM;;(GCG) dp 98;0,00;19.425,00;-369.075,00
;Total 159215 EQUIPO DE OFICINA;;;;;;0,00;369.075,00;-369.075,00
Total ESTIBA INDUSTRIAL DE 120*100*14 CM ACTID-123;;;;;;;2.340.000,00;369.075,00;1.970.925,00
ESTIBA PLASTICA CERRADA ACTIF-110;152405 MUEBLES Y ENSERES;;31/12/2025;SALDO INICIAL;;;297.500,00;0,00;297.500,00
;Total 152405 MUEBLES Y ENSERES;;;;;;297.500,00;0,00;297.500,00
;159215 EQUIPO DE OFICINA;;31/12/2025;SALDO INICIAL;;;0,00;49.082,00;-49.082,00
;;GVM CORPORATION GLOBAL VETERINARY MEDICINE S A S;31/01/2026;DEPRECIACION ENERO 2026  ESTIBA PLASTICA CERRADA;;(GCG) dp 96;0,00;2.231,00;-51.313,00
;;GVM CORPORATION GLOBAL VETERINARY MEDICINE S A S;28/02/2026;DEPRECIACION FEBRERO 2026  ESTIBA PLASTICA CERRADA;;(GCG) dp 97;0,00;2.231,00;-53.544,00
;;GVM CORPORATION GLOBAL VETERINARY MEDICINE S A S;31/03/2026;DEPRECIACION MARZO 2026  ESTIBA PLASTICA CERRADA;;(GCG) dp 98;0,00;2.231,00;-55.775,00
;Total 159215 EQUIPO DE OFICINA;;;;;;0,00;55.775,00;-55.775,00
Total ESTIBA PLASTICA CERRADA ACTIF-110;;;;;;;297.500,00;55.775,00;241.725,00
ESTIBAS 60*60 NEGRA ACTIF-112;152405 MUEBLES Y ENSERES;;31/12/2025;SALDO INICIAL;;;699.720,00;0,00;699.720,00
;Total 152405 MUEBLES Y ENSERES;;;;;;699.720,00;0,00;699.720,00
;159215 EQUIPO DE OFICINA;;31/12/2025;SALDO INICIAL;;;0,00;115.642,00;-115.642,00
;;GVM CORPORATION GLOBAL VETERINARY MEDICINE S A S;31/01/2026;DEPRECIACION ENERO 2026  ESTIBAS 60*60 NEGRA;;(GCG) dp 96;0,00;5.819,00;-121.461,00
;;GVM CORPORATION GLOBAL VETERINARY MEDICINE S A S;28/02/2026;DEPRECIACION FEBRERO 2026  ESTIBAS 60*60 NEGRA;;(GCG) dp 97;0,00;5.819,00;-127.280,00
;;GVM CORPORATION GLOBAL VETERINARY MEDICINE S A S;31/03/2026;DEPRECIACION MARZO 2026  ESTIBAS 60*60 NEGRA;;(GCG) dp 98;0,00;5.819,00;-133.099,00
;Total 159215 EQUIPO DE OFICINA;;;;;;0,00;133.099,00;-133.099,00
Total ESTIBAS 60*60 NEGRA ACTIF-112;;;;;;;699.720,00;133.099,00;566.621,00
ESTIBAS PERFORADA 1X120X15 ACTIF-076 ESTIBAS;152405 MUEBLES Y ENSERES;;31/12/2025;SALDO INICIAL;;;3.370.080,00;0,00;3.370.080,00
;Total 152405 MUEBLES Y ENSERES;;;;;;3.370.080,00;0,00;3.370.080,00
;159215 EQUIPO DE OFICINA;;31/12/2025;SALDO INICIAL;;;0,00;978.845,00;-978.845,00
;;GVM CORPORATION GLOBAL VETERINARY MEDICINE S A S;31/01/2026;DEPRECIACION ENERO 2026  ESTIBAS PERFORADA 1X120X15;;(GCG) dp 96;0,00;27.967,00;-1.006.812,00
;;GVM CORPORATION GLOBAL VETERINARY MEDICINE S A S;28/02/2026;DEPRECIACION FEBRERO 2026  ESTIBAS PERFORADA 1X120X15;;(GCG) dp 97;0,00;27.967,00;-1.034.779,00
;;GVM CORPORATION GLOBAL VETERINARY MEDICINE S A S;31/03/2026;DEPRECIACION MARZO 2026  ESTIBAS PERFORADA 1X120X15;;(GCG) dp 98;0,00;27.967,00;-1.062.746,00
;Total 159215 EQUIPO DE OFICINA;;;;;;0,00;1.062.746,00;-1.062.746,00
Total ESTIBAS PERFORADA 1X120X15 ACTIF-076 ESTIBAS;;;;;;;3.370.080,00;1.062.746,00;2.307.334,00
ESTIBAS PLASTICAS ACTIF-041 ESTIBAS PLASTICAS;152405 MUEBLES Y ENSERES;;31/12/2025;SALDO INICIAL;;;1.100.000,00;0,00;1.100.000,00
;Total 152405 MUEBLES Y ENSERES;;;;;;1.100.000,00;0,00;1.100.000,00
;159215 EQUIPO DE OFICINA;;31/12/2025;SALDO INICIAL;;;0,00;429.000,00;-429.000,00
;;GVM CORPORATION GLOBAL VETERINARY MEDICINE S A S;31/01/2026;DEPRECIACION ENERO 2026  ESTIBAS PLASTICAS;;(GCG) dp 96;0,00;8.250,00;-437.250,00
;;GVM CORPORATION GLOBAL VETERINARY MEDICINE S A S;28/02/2026;DEPRECIACION FEBRERO 2026  ESTIBAS PLASTICAS;;(GCG) dp 97;0,00;8.250,00;-445.500,00
;;GVM CORPORATION GLOBAL VETERINARY MEDICINE S A S;31/03/2026;DEPRECIACION MARZO 2026  ESTIBAS PLASTICAS;;(GCG) dp 98;0,00;8.250,00;-453.750,00
;Total 159215 EQUIPO DE OFICINA;;;;;;0,00;453.750,00;-453.750,00
Total ESTIBAS PLASTICAS ACTIF-041 ESTIBAS PLASTICAS;;;;;;;1.100.000,00;453.750,00;646.250,00
GATO ESTIBADOR 2500 KG HIDRAULICO RED LIFT ACTIF-162;152005 MAQUINARIA Y EQUIPO;MAQUITEC DE COLOMBIA S.A.S;30/01/2026;FC30564 GATO HIDRAULICO BOG;;(GCG) FC 439;1.550.000,00;0,00;1.550.000,00
;Total 152005 MAQUINARIA Y EQUIPO;;;;;;1.550.000,00;0,00;1.550.000,00
;159210 MAQUINARIA Y EQUIPO;GVM CORPORATION GLOBAL VETERINARY MEDICINE S A S;31/01/2026;DEPRECIACION ENERO 2026  GATO ESTIBADOR 2500 KG HIDRAULICO RED LIFT;;(GCG) dp 96;0,00;11.625,00;-11.625,00
;;GVM CORPORATION GLOBAL VETERINARY MEDICINE S A S;28/02/2026;DEPRECIACION FEBRERO 2026  GATO ESTIBADOR 2500 KG HIDRAULICO RED LIFT;;(GCG) dp 97;0,00;11.625,00;-23.250,00
;;GVM CORPORATION GLOBAL VETERINARY MEDICINE S A S;31/03/2026;DEPRECIACION MARZO 2026  GATO ESTIBADOR 2500 KG HIDRAULICO RED LIFT;;(GCG) dp 98;0,00;11.625,00;-34.875,00
;Total 159210 MAQUINARIA Y EQUIPO;;;;;;0,00;34.875,00;-34.875,00
Total GATO ESTIBADOR 2500 KG HIDRAULICO RED LIFT ACTIF-162;;;;;;;1.550.000,00;34.875,00;1.515.125,00
GONDOLA DE PARED ACTIF-113;152405 MUEBLES Y ENSERES;;31/12/2025;SALDO INICIAL;;;3.016.650,00;0,00;3.016.650,00
;Total 152405 MUEBLES Y ENSERES;;;;;;3.016.650,00;0,00;3.016.650,00
;159215 EQUIPO DE OFICINA;;31/12/2025;SALDO INICIAL;;;0,00;510.321,00;-510.321,00
;;GVM CORPORATION GLOBAL VETERINARY MEDICINE S A S;31/01/2026;DEPRECIACION ENERO 2026  GONDOLA DE PARED;;(GCG) dp 96;0,00;24.301,00;-534.622,00
;;GVM CORPORATION GLOBAL VETERINARY MEDICINE S A S;28/02/2026;DEPRECIACION FEBRERO 2026  GONDOLA DE PARED;;(GCG) dp 97;0,00;24.301,00;-558.923,00
;;GVM CORPORATION GLOBAL VETERINARY MEDICINE S A S;31/03/2026;DEPRECIACION MARZO 2026  GONDOLA DE PARED;;(GCG) dp 98;0,00;24.301,00;-583.224,00
;Total 159215 EQUIPO DE OFICINA;;;;;;0,00;583.224,00;-583.224,00
Total GONDOLA DE PARED ACTIF-113;;;;;;;3.016.650,00;583.224,00;2.433.426,00
HIDROLAVADORA 145 OPS ACTIF-032;152410 EQUIPOS;;31/12/2025;SALDO INICIAL;;;299.900,00;0,00;299.900,00
;Total 152410 EQUIPOS;;;;;;299.900,00;0,00;299.900,00
;159215 EQUIPO DE OFICINA;;31/12/2025;SALDO INICIAL;;;0,00;269.910,00;-269.910,00
;Total 159215 EQUIPO DE OFICINA;;;;;;0,00;269.910,00;-269.910,00
Total HIDROLAVADORA 145 OPS ACTIF-032;;;;;;;299.900,00;269.910,00;29.990,00
IMPRESORA DE ETIQUETAS ZEBRA ZD230 ACTIF-150;152805 EQUIPOS DE PROCESAMIENTO DE DATOS;;31/12/2025;SALDO INICIAL;;;1.273.300,00;0,00;1.273.300,00
;Total 152805 EQUIPOS DE PROCESAMIENTO DE DATOS;;;;;;1.273.300,00;0,00;1.273.300,00
;159220 EQUIPO DE COMPUTACION Y COMUNICACION;;31/12/2025;SALDO INICIAL;;;0,00;57.300,00;-57.300,00
;;GVM CORPORATION GLOBAL VETERINARY MEDICINE S A S;31/01/2026;DEPRECIACION ENERO 2026  IMPRESORA DE ETIQUETAS ZEBRA ZD230;;(GCG) dp 96;0,00;19.100,00;-76.400,00
;;GVM CORPORATION GLOBAL VETERINARY MEDICINE S A S;28/02/2026;DEPRECIACION FEBRERO 2026  IMPRESORA DE ETIQUETAS ZEBRA ZD230;;(GCG) dp 97;0,00;19.100,00;-95.500,00
;;GVM CORPORATION GLOBAL VETERINARY MEDICINE S A S;31/03/2026;DEPRECIACION MARZO 2026  IMPRESORA DE ETIQUETAS ZEBRA ZD230;;(GCG) dp 98;0,00;19.100,00;-114.600,00
;Total 159220 EQUIPO DE COMPUTACION Y COMUNICACION;;;;;;0,00;114.600,00;-114.600,00
Total IMPRESORA DE ETIQUETAS ZEBRA ZD230 ACTIF-150;;;;;;;1.273.300,00;114.600,00;1.158.700,00
IMPRESORA EPSON L3210 HG MULTIFUNCIONAL ACTIF-058 IMPRESORA EPSON L3210;152410 EQUIPOS;;31/12/2025;SALDO INICIAL;;;2.387.000,00;0,00;2.387.000,00
;Total 152410 EQUIPOS;;;;;;2.387.000,00;0,00;2.387.000,00
;159215 EQUIPO DE OFICINA;;31/12/2025;SALDO INICIAL;;;0,00;1.122.946,00;-1.122.946,00
;;GVM CORPORATION GLOBAL VETERINARY MEDICINE S A S;31/01/2026;DEPRECIACION ENERO 2026  IMPRESORA EPSON L3210 HG MULTIFUNCIONAL;;(GCG) dp 96;0,00;38.468,00;-1.161.414,00
;;GVM CORPORATION GLOBAL VETERINARY MEDICINE S A S;28/02/2026;DEPRECIACION FEBRERO 2026  IMPRESORA EPSON L3210 HG MULTIFUNCIONAL;;(GCG) dp 97;0,00;38.468,00;-1.199.882,00
;;GVM CORPORATION GLOBAL VETERINARY MEDICINE S A S;31/03/2026;DEPRECIACION MARZO 2026  IMPRESORA EPSON L3210 HG MULTIFUNCIONAL;;(GCG) dp 98;0,00;38.468,00;-1.238.350,00
;Total 159215 EQUIPO DE OFICINA;;;;;;0,00;1.238.350,00;-1.238.350,00
Total IMPRESORA EPSON L3210 HG MULTIFUNCIONAL ACTIF-058 IMPRESORA EPSON L3210;;;;;;;2.387.000,00;1.238.350,00;1.148.650,00
IMPRESORA EPSON L4160 ACTIF-015;152410 EQUIPOS;;31/12/2025;SALDO INICIAL;;;649.000,00;0,00;649.000,00
;Total 152410 EQUIPOS;;;;;;649.000,00;0,00;649.000,00
;159215 EQUIPO DE OFICINA;;31/12/2025;SALDO INICIAL;;;0,00;584.100,00;-584.100,00
;Total 159215 EQUIPO DE OFICINA;;;;;;0,00;584.100,00;-584.100,00
Total IMPRESORA EPSON L4160 ACTIF-015;;;;;;;649.000,00;584.100,00;64.900,00
IMPRESORA MULTIFUNCIONAL EPSOSN L4160 ACTIF-001;152805 EQUIPOS DE PROCESAMIENTO DE DATOS;;31/12/2025;SALDO INICIAL;;;574.000,00;0,00;574.000,00
;Total 152805 EQUIPOS DE PROCESAMIENTO DE DATOS;;;;;;574.000,00;0,00;574.000,00
;159220 EQUIPO DE COMPUTACION Y COMUNICACION;;31/12/2025;SALDO INICIAL;;;0,00;516.600,00;-516.600,00
;Total 159220 EQUIPO DE COMPUTACION Y COMUNICACION;;;;;;0,00;516.600,00;-516.600,00
Total IMPRESORA MULTIFUNCIONAL EPSOSN L4160 ACTIF-001;;;;;;;574.000,00;516.600,00;57.400,00
IMPRESORA MULTIFUNCIONAL RICOH M320F ACTIF-123;152805 EQUIPOS DE PROCESAMIENTO DE DATOS;;31/12/2025;SALDO INICIAL;;;2.250.000,00;0,00;2.250.000,00
;Total 152805 EQUIPOS DE PROCESAMIENTO DE DATOS;;;;;;2.250.000,00;0,00;2.250.000,00
;159220 EQUIPO DE COMPUTACION Y COMUNICACION;;31/12/2025;SALDO INICIAL;;;0,00;540.000,00;-540.000,00
;;GVM CORPORATION GLOBAL VETERINARY MEDICINE S A S;31/01/2026;DEPRECIACION ENERO 2026  IMPRESORA MULTIFUNCIONAL RICOH M320F;;(GCG) dp 96;0,00;33.750,00;-573.750,00
;;GVM CORPORATION GLOBAL VETERINARY MEDICINE S A S;28/02/2026;DEPRECIACION FEBRERO 2026  IMPRESORA MULTIFUNCIONAL RICOH M320F;;(GCG) dp 97;0,00;33.750,00;-607.500,00
;;GVM CORPORATION GLOBAL VETERINARY MEDICINE S A S;31/03/2026;DEPRECIACION MARZO 2026  IMPRESORA MULTIFUNCIONAL RICOH M320F;;(GCG) dp 98;0,00;33.750,00;-641.250,00
;Total 159220 EQUIPO DE COMPUTACION Y COMUNICACION;;;;;;0,00;641.250,00;-641.250,00
Total IMPRESORA MULTIFUNCIONAL RICOH M320F ACTIF-123;;;;;;;2.250.000,00;641.250,00;1.608.750,00
IMPRESORA RICOH MP C2003 ACTIF-103;152410 EQUIPOS;;31/12/2025;SALDO INICIAL;;;1.500.000,00;0,00;1.500.000,00
;Total 152410 EQUIPOS;;;;;;1.500.000,00;0,00;1.500.000,00
;159215 EQUIPO DE OFICINA;;31/12/2025;SALDO INICIAL;;;0,00;517.500,00;-517.500,00
;;GVM CORPORATION GLOBAL VETERINARY MEDICINE S A S;31/01/2026;DEPRECIACION ENERO 2026  IMPRESORA RICOH MP C2003;;(GCG) dp 96;0,00;22.500,00;-540.000,00
;;GVM CORPORATION GLOBAL VETERINARY MEDICINE S A S;28/02/2026;DEPRECIACION FEBRERO 2026  IMPRESORA RICOH MP C2003;;(GCG) dp 97;0,00;22.500,00;-562.500,00
;;GVM CORPORATION GLOBAL VETERINARY MEDICINE S A S;31/03/2026;DEPRECIACION MARZO 2026  IMPRESORA RICOH MP C2003;;(GCG) dp 98;0,00;22.500,00;-585.000,00
;Total 159215 EQUIPO DE OFICINA;;;;;;0,00;585.000,00;-585.000,00
Total IMPRESORA RICOH MP C2003 ACTIF-103;;;;;;;1.500.000,00;585.000,00;915.000,00
IMPRESORA ZEBRA ZD-230 ACTIF-121;152805 EQUIPOS DE PROCESAMIENTO DE DATOS;;31/12/2025;SALDO INICIAL;;;1.456.946,00;0,00;1.456.946,00
;Total 152805 EQUIPOS DE PROCESAMIENTO DE DATOS;;;;;;1.456.946,00;0,00;1.456.946,00
;159220 EQUIPO DE COMPUTACION Y COMUNICACION;;31/12/2025;SALDO INICIAL;;;0,00;371.518,00;-371.518,00
;;GVM CORPORATION GLOBAL VETERINARY MEDICINE S A S;31/01/2026;DEPRECIACION ENERO 2026  IMPRESORA ZEBRA ZD-230;;(GCG) dp 96;0,00;21.854,00;-393.372,00
;;GVM CORPORATION GLOBAL VETERINARY MEDICINE S A S;28/02/2026;DEPRECIACION FEBRERO 2026  IMPRESORA ZEBRA ZD-230;;(GCG) dp 97;0,00;21.854,00;-415.226,00
;;GVM CORPORATION GLOBAL VETERINARY MEDICINE S A S;31/03/2026;DEPRECIACION MARZO 2026  IMPRESORA ZEBRA ZD-230;;(GCG) dp 98;0,00;21.854,00;-437.080,00
;Total 159220 EQUIPO DE COMPUTACION Y COMUNICACION;;;;;;0,00;437.080,00;-437.080,00
Total IMPRESORA ZEBRA ZD-230 ACTIF-121;;;;;;;1.456.946,00;437.080,00;1.019.866,00
IPAD AIR 11 WIFI 256GB SPACE GRAY-CLA ACTIF-126;152805 EQUIPOS DE PROCESAMIENTO DE DATOS;;31/12/2025;SALDO INICIAL;;;3.899.000,00;0,00;3.899.000,00
;Total 152805 EQUIPOS DE PROCESAMIENTO DE DATOS;;;;;;3.899.000,00;0,00;3.899.000,00
;159220 EQUIPO DE COMPUTACION Y COMUNICACION;;31/12/2025;SALDO INICIAL;;;0,00;935.760,00;-935.760,00
;;GVM CORPORATION GLOBAL VETERINARY MEDICINE S A S;31/01/2026;DEPRECIACION ENERO 2026  IPAD AIR 11 WIFI 256GB SPACE GRAY-CLA;;(GCG) dp 96;0,00;58.485,00;-994.245,00
;;GVM CORPORATION GLOBAL VETERINARY MEDICINE S A S;28/02/2026;DEPRECIACION FEBRERO 2026  IPAD AIR 11 WIFI 256GB SPACE GRAY-CLA;;(GCG) dp 97;0,00;58.485,00;-1.052.730,00
;;GVM CORPORATION GLOBAL VETERINARY MEDICINE S A S;31/03/2026;DEPRECIACION MARZO 2026  IPAD AIR 11 WIFI 256GB SPACE GRAY-CLA;;(GCG) dp 98;0,00;58.485,00;-1.111.215,00
;Total 159220 EQUIPO DE COMPUTACION Y COMUNICACION;;;;;;0,00;1.111.215,00;-1.111.215,00
Total IPAD AIR 11 WIFI 256GB SPACE GRAY-CLA ACTIF-126;;;;;;;3.899.000,00;1.111.215,00;2.787.785,00
ISLA DE TRABAJO ACTIF-142;152405 MUEBLES Y ENSERES;;31/12/2025;SALDO INICIAL;;;1.071.000,00;0,00;1.071.000,00
;Total 152405 MUEBLES Y ENSERES;;;;;;1.071.000,00;0,00;1.071.000,00
;159215 EQUIPO DE OFICINA;;31/12/2025;SALDO INICIAL;;;0,00;51.768,00;-51.768,00
;;GVM CORPORATION GLOBAL VETERINARY MEDICINE S A S;31/01/2026;DEPRECIACION ENERO 2026  ISLA DE TRABAJO;;(GCG) dp 96;0,00;8.628,00;-60.396,00
;;GVM CORPORATION GLOBAL VETERINARY MEDICINE S A S;28/02/2026;DEPRECIACION FEBRERO 2026  ISLA DE TRABAJO;;(GCG) dp 97;0,00;8.628,00;-69.024,00
;;GVM CORPORATION GLOBAL VETERINARY MEDICINE S A S;31/03/2026;DEPRECIACION MARZO 2026  ISLA DE TRABAJO;;(GCG) dp 98;0,00;8.628,00;-77.652,00
;Total 159215 EQUIPO DE OFICINA;;;;;;0,00;77.652,00;-77.652,00
Total ISLA DE TRABAJO ACTIF-142;;;;;;;1.071.000,00;77.652,00;993.348,00
LECTOR INFOPOS 2 D CON BASE NUEVO USB ACTIF-069  LECTOR INFOPOS;152805 EQUIPOS DE PROCESAMIENTO DE DATOS;;31/12/2025;SALDO INICIAL;;;150.000,00;0,00;150.000,00
;Total 152805 EQUIPOS DE PROCESAMIENTO DE DATOS;;;;;;150.000,00;0,00;150.000,00
;159220 EQUIPO DE COMPUTACION Y COMUNICACION;;31/12/2025;SALDO INICIAL;;;0,00;92.250,00;-92.250,00
;;GVM CORPORATION GLOBAL VETERINARY MEDICINE S A S;31/01/2026;DEPRECIACION ENERO 2026  LECTOR INFOPOS 2 D CON BASE NUEVO USB;;(GCG) dp 96;0,00;2.250,00;-94.500,00
;;GVM CORPORATION GLOBAL VETERINARY MEDICINE S A S;28/02/2026;DEPRECIACION FEBRERO 2026  LECTOR INFOPOS 2 D CON BASE NUEVO USB;;(GCG) dp 97;0,00;2.250,00;-96.750,00
;;GVM CORPORATION GLOBAL VETERINARY MEDICINE S A S;31/03/2026;DEPRECIACION MARZO 2026  LECTOR INFOPOS 2 D CON BASE NUEVO USB;;(GCG) dp 98;0,00;2.250,00;-99.000,00
;Total 159220 EQUIPO DE COMPUTACION Y COMUNICACION;;;;;;0,00;99.000,00;-99.000,00
Total LECTOR INFOPOS 2 D CON BASE NUEVO USB ACTIF-069  LECTOR INFOPOS;;;;;;;150.000,00;99.000,00;51.000,00
LOCKER 4 PUESTOS VARIOS ACTIF-062 LOCKER;152405 MUEBLES Y ENSERES;;31/12/2025;SALDO INICIAL;;;489.495,00;0,00;489.495,00
;Total 152405 MUEBLES Y ENSERES;;;;;;489.495,00;0,00;489.495,00
;159215 EQUIPO DE OFICINA;;31/12/2025;SALDO INICIAL;;;0,00;150.511,00;-150.511,00
;;GVM CORPORATION GLOBAL VETERINARY MEDICINE S A S;31/01/2026;DEPRECIACION ENERO 2026  LOCKER 4 PUESTOS VARIOS;;(GCG) dp 96;0,00;3.671,00;-154.182,00
;;GVM CORPORATION GLOBAL VETERINARY MEDICINE S A S;28/02/2026;DEPRECIACION FEBRERO 2026  LOCKER 4 PUESTOS VARIOS;;(GCG) dp 97;0,00;3.671,00;-157.853,00
;;GVM CORPORATION GLOBAL VETERINARY MEDICINE S A S;31/03/2026;DEPRECIACION MARZO 2026  LOCKER 4 PUESTOS VARIOS;;(GCG) dp 98;0,00;3.671,00;-161.524,00
;Total 159215 EQUIPO DE OFICINA;;;;;;0,00;161.524,00;-161.524,00
Total LOCKER 4 PUESTOS VARIOS ACTIF-062 LOCKER;;;;;;;489.495,00;161.524,00;327.971,00
MESA DE TRABAJO 1,15 -70 CM ACTIF-144;152405 MUEBLES Y ENSERES;;31/12/2025;SALDO INICIAL;;;702.100,00;0,00;702.100,00
;Total 152405 MUEBLES Y ENSERES;;;;;;702.100,00;0,00;702.100,00
;159215 EQUIPO DE OFICINA;;31/12/2025;SALDO INICIAL;;;0,00;26.330,00;-26.330,00
;;GVM CORPORATION GLOBAL VETERINARY MEDICINE S A S;31/01/2026;DEPRECIACION ENERO 2026  MESA DE TRABAJO 1,15 -70 CM;;(GCG) dp 96;0,00;5.266,00;-31.596,00
;;GVM CORPORATION GLOBAL VETERINARY MEDICINE S A S;28/02/2026;DEPRECIACION FEBRERO 2026  MESA DE TRABAJO 1,15 -70 CM;;(GCG) dp 97;0,00;5.266,00;-36.862,00
;;GVM CORPORATION GLOBAL VETERINARY MEDICINE S A S;31/03/2026;DEPRECIACION MARZO 2026  MESA DE TRABAJO 1,15 -70 CM;;(GCG) dp 98;0,00;5.266,00;-42.128,00
;Total 159215 EQUIPO DE OFICINA;;;;;;0,00;42.128,00;-42.128,00
Total MESA DE TRABAJO 1,15 -70 CM ACTIF-144;;;;;;;702.100,00;42.128,00;659.972,00
MESA DE TRABAJO 1,15 MT 70 CM 1 M ACTIF-149;152405 MUEBLES Y ENSERES;;31/12/2025;SALDO INICIAL;;;708.050,00;0,00;708.050,00
;Total 152405 MUEBLES Y ENSERES;;;;;;708.050,00;0,00;708.050,00
;159215 EQUIPO DE OFICINA;;31/12/2025;SALDO INICIAL;;;0,00;15.930,00;-15.930,00
;;GVM CORPORATION GLOBAL VETERINARY MEDICINE S A S;31/01/2026;DEPRECIACION ENERO 2026  MESA DE TRABAJO 1,15 MT 70 CM 1 M;;(GCG) dp 96;0,00;5.310,00;-21.240,00
;;GVM CORPORATION GLOBAL VETERINARY MEDICINE S A S;28/02/2026;DEPRECIACION FEBRERO 2026  MESA DE TRABAJO 1,15 MT 70 CM 1 M;;(GCG) dp 97;0,00;5.310,00;-26.550,00
;;GVM CORPORATION GLOBAL VETERINARY MEDICINE S A S;31/03/2026;DEPRECIACION MARZO 2026  MESA DE TRABAJO 1,15 MT 70 CM 1 M;;(GCG) dp 98;0,00;5.310,00;-31.860,00
;Total 159215 EQUIPO DE OFICINA;;;;;;0,00;31.860,00;-31.860,00
Total MESA DE TRABAJO 1,15 MT 70 CM 1 M ACTIF-149;;;;;;;708.050,00;31.860,00;676.190,00
MESAS ESCRITORIOS ACTIF-037 MESAS ESCRITORIOS;152805 EQUIPOS DE PROCESAMIENTO DE DATOS;;31/12/2025;SALDO INICIAL;;;300.000,00;0,00;300.000,00
;Total 152805 EQUIPOS DE PROCESAMIENTO DE DATOS;;;;;;300.000,00;0,00;300.000,00
;159220 EQUIPO DE COMPUTACION Y COMUNICACION;;31/12/2025;SALDO INICIAL;;;0,00;270.000,00;-270.000,00
;Total 159220 EQUIPO DE COMPUTACION Y COMUNICACION;;;;;;0,00;270.000,00;-270.000,00
Total MESAS ESCRITORIOS ACTIF-037 MESAS ESCRITORIOS;;;;;;;300.000,00;270.000,00;30.000,00
MESON PLEGABLE SZK 180 IMI MADERA ACTIF-064 MESON PLEGABLE;152405 MUEBLES Y ENSERES;;31/12/2025;SALDO INICIAL;;;319.000,00;0,00;319.000,00
;Total 152405 MUEBLES Y ENSERES;;;;;;319.000,00;0,00;319.000,00
;159215 EQUIPO DE OFICINA;;31/12/2025;SALDO INICIAL;;;0,00;98.113,00;-98.113,00
;;GVM CORPORATION GLOBAL VETERINARY MEDICINE S A S;31/01/2026;DEPRECIACION ENERO 2026  MESON PLEGABLE SZK 180 IMI MADERA;;(GCG) dp 96;0,00;2.393,00;-100.506,00
;;GVM CORPORATION GLOBAL VETERINARY MEDICINE S A S;28/02/2026;DEPRECIACION FEBRERO 2026  MESON PLEGABLE SZK 180 IMI MADERA;;(GCG) dp 97;0,00;2.393,00;-102.899,00
;;GVM CORPORATION GLOBAL VETERINARY MEDICINE S A S;31/03/2026;DEPRECIACION MARZO 2026  MESON PLEGABLE SZK 180 IMI MADERA;;(GCG) dp 98;0,00;2.393,00;-105.292,00
;Total 159215 EQUIPO DE OFICINA;;;;;;0,00;105.292,00;-105.292,00
Total MESON PLEGABLE SZK 180 IMI MADERA ACTIF-064 MESON PLEGABLE;;;;;;;319.000,00;105.292,00;213.708,00
MICROHONDAS ACTIF-013;151205 MAQUINARIA Y EQUIPO;;31/12/2025;SALDO INICIAL;;;198.387,00;0,00;198.387,00
;Total 151205 MAQUINARIA Y EQUIPO;;;;;;198.387,00;0,00;198.387,00
;159215 EQUIPO DE OFICINA;;31/12/2025;SALDO INICIAL;;;0,00;178.387,00;-178.387,00
;Total 159215 EQUIPO DE OFICINA;;;;;;0,00;178.387,00;-178.387,00
Total MICROHONDAS ACTIF-013;;;;;;;198.387,00;178.387,00;20.000,00
"MONITOR EXCLUSIV 22"" REF ELM22F8 ACTIF-016";152410 EQUIPOS;;31/12/2025;SALDO INICIAL;;;245.001,00;0,00;245.001,00
;Total 152410 EQUIPOS;;;;;;245.001,00;0,00;245.001,00
;159215 EQUIPO DE OFICINA;;31/12/2025;SALDO INICIAL;;;0,00;220.501,00;-220.501,00
;Total 159215 EQUIPO DE OFICINA;;;;;;0,00;220.501,00;-220.501,00
"Total MONITOR EXCLUSIV 22"" REF ELM22F8 ACTIF-016";;;;;;;245.001,00;220.501,00;24.500,00
MONITOR LENOVO THINKCENTERDE 23,8 ACTIF-108;152805 EQUIPOS DE PROCESAMIENTO DE DATOS;;31/12/2025;SALDO INICIAL;;;910.000,00;0,00;910.000,00
;Total 152805 EQUIPOS DE PROCESAMIENTO DE DATOS;;;;;;910.000,00;0,00;910.000,00
;159220 EQUIPO DE COMPUTACION Y COMUNICACION;;31/12/2025;SALDO INICIAL;;;0,00;300.300,00;-300.300,00
;;GVM CORPORATION GLOBAL VETERINARY MEDICINE S A S;31/01/2026;DEPRECIACION ENERO 2026  MONITOR LENOVO THINKCENTERDE 23,8;;(GCG) dp 96;0,00;13.650,00;-313.950,00
;;GVM CORPORATION GLOBAL VETERINARY MEDICINE S A S;28/02/2026;DEPRECIACION FEBRERO 2026  MONITOR LENOVO THINKCENTERDE 23,8;;(GCG) dp 97;0,00;13.650,00;-327.600,00
;;GVM CORPORATION GLOBAL VETERINARY MEDICINE S A S;31/03/2026;DEPRECIACION MARZO 2026  MONITOR LENOVO THINKCENTERDE 23,8;;(GCG) dp 98;0,00;13.650,00;-341.250,00
;Total 159220 EQUIPO DE COMPUTACION Y COMUNICACION;;;;;;0,00;341.250,00;-341.250,00
Total MONITOR LENOVO THINKCENTERDE 23,8 ACTIF-108;;;;;;;910.000,00;341.250,00;568.750,00
MOSTRADOR DE ALUMINIO 1 1-2X 1-4 CIRCULO 110 ACTIF-095;152405 MUEBLES Y ENSERES;;31/12/2025;SALDO INICIAL;;;1.046.215,00;0,00;1.046.215,00
;Total 152405 MUEBLES Y ENSERES;;;;;;1.046.215,00;0,00;1.046.215,00
;159215 EQUIPO DE OFICINA;;31/12/2025;SALDO INICIAL;;;0,00;188.328,00;-188.328,00
;;GVM CORPORATION GLOBAL VETERINARY MEDICINE S A S;31/01/2026;DEPRECIACION ENERO 2026  MOSTRADOR DE ALUMINIO 1 1-2X 1-4 CIRCULO 110;;(GCG) dp 96;0,00;7.847,00;-196.175,00
;;GVM CORPORATION GLOBAL VETERINARY MEDICINE S A S;28/02/2026;DEPRECIACION FEBRERO 2026  MOSTRADOR DE ALUMINIO 1 1-2X 1-4 CIRCULO 110;;(GCG) dp 97;0,00;7.847,00;-204.022,00
;;GVM CORPORATION GLOBAL VETERINARY MEDICINE S A S;31/03/2026;DEPRECIACION MARZO 2026  MOSTRADOR DE ALUMINIO 1 1-2X 1-4 CIRCULO 110;;(GCG) dp 98;0,00;7.847,00;-211.869,00
;Total 159215 EQUIPO DE OFICINA;;;;;;0,00;211.869,00;-211.869,00
Total MOSTRADOR DE ALUMINIO 1 1-2X 1-4 CIRCULO 110 ACTIF-095;;;;;;;1.046.215,00;211.869,00;834.346,00
MOSTRADOR DE ALUMINIO 1 1-2X 1-4 CT ACTIF-094;152405 MUEBLES Y ENSERES;;31/12/2025;SALDO INICIAL;;;1.660.924,00;0,00;1.660.924,00
;Total 152405 MUEBLES Y ENSERES;;;;;;1.660.924,00;0,00;1.660.924,00
;159215 EQUIPO DE OFICINA;;31/12/2025;SALDO INICIAL;;;0,00;298.968,00;-298.968,00
;;GVM CORPORATION GLOBAL VETERINARY MEDICINE S A S;31/01/2026;DEPRECIACION ENERO 2026  MOSTRADOR DE ALUMINIO 1 1-2X 1-4 CT;;(GCG) dp 96;0,00;12.457,00;-311.425,00
;;GVM CORPORATION GLOBAL VETERINARY MEDICINE S A S;28/02/2026;DEPRECIACION FEBRERO 2026  MOSTRADOR DE ALUMINIO 1 1-2X 1-4 CT;;(GCG) dp 97;0,00;12.457,00;-323.882,00
;;GVM CORPORATION GLOBAL VETERINARY MEDICINE S A S;31/03/2026;DEPRECIACION MARZO 2026  MOSTRADOR DE ALUMINIO 1 1-2X 1-4 CT;;(GCG) dp 98;0,00;12.457,00;-336.339,00
;Total 159215 EQUIPO DE OFICINA;;;;;;0,00;336.339,00;-336.339,00
Total MOSTRADOR DE ALUMINIO 1 1-2X 1-4 CT ACTIF-094;;;;;;;1.660.924,00;336.339,00;1.324.585,00
MOSTRADOR DE ALUMINIO 1-2X 1-4 CT ACTIF-093;152405 MUEBLES Y ENSERES;;31/12/2025;SALDO INICIAL;;;1.923.174,00;0,00;1.923.174,00
;Total 152405 MUEBLES Y ENSERES;;;;;;1.923.174,00;0,00;1.923.174,00
;159215 EQUIPO DE OFICINA;;31/12/2025;SALDO INICIAL;;;0,00;346.176,00;-346.176,00
;;GVM CORPORATION GLOBAL VETERINARY MEDICINE S A S;31/01/2026;DEPRECIACION ENERO 2026  MOSTRADOR DE ALUMINIO 1-2X 1-4 CT;;(GCG) dp 96;0,00;14.424,00;-360.600,00
;;GVM CORPORATION GLOBAL VETERINARY MEDICINE S A S;28/02/2026;DEPRECIACION FEBRERO 2026  MOSTRADOR DE ALUMINIO 1-2X 1-4 CT;;(GCG) dp 97;0,00;14.424,00;-375.024,00
;;GVM CORPORATION GLOBAL VETERINARY MEDICINE S A S;31/03/2026;DEPRECIACION MARZO 2026  MOSTRADOR DE ALUMINIO 1-2X 1-4 CT;;(GCG) dp 98;0,00;14.424,00;-389.448,00
;Total 159215 EQUIPO DE OFICINA;;;;;;0,00;389.448,00;-389.448,00
Total MOSTRADOR DE ALUMINIO 1-2X 1-4 CT ACTIF-093;;;;;;;1.923.174,00;389.448,00;1.533.726,00
NEVERA HACEB 428 LITROS ACTIF-101;152005 MAQUINARIA Y EQUIPO;;31/12/2025;SALDO INICIAL;;;1.694.200,00;0,00;1.694.200,00
;Total 152005 MAQUINARIA Y EQUIPO;;;;;;1.694.200,00;0,00;1.694.200,00
;159210 MAQUINARIA Y EQUIPO;;31/12/2025;SALDO INICIAL;;;0,00;292.261,00;-292.261,00
;;GVM CORPORATION GLOBAL VETERINARY MEDICINE S A S;31/01/2026;DEPRECIACION ENERO 2026  NEVERA HACEB 428 LITROS;;(GCG) dp 96;0,00;12.707,00;-304.968,00
;;GVM CORPORATION GLOBAL VETERINARY MEDICINE S A S;28/02/2026;DEPRECIACION FEBRERO 2026  NEVERA HACEB 428 LITROS;;(GCG) dp 97;0,00;12.707,00;-317.675,00
;;GVM CORPORATION GLOBAL VETERINARY MEDICINE S A S;31/03/2026;DEPRECIACION MARZO 2026  NEVERA HACEB 428 LITROS;;(GCG) dp 98;0,00;12.707,00;-330.382,00
;Total 159210 MAQUINARIA Y EQUIPO;;;;;;0,00;330.382,00;-330.382,00
Total NEVERA HACEB 428 LITROS ACTIF-101;;;;;;;1.694.200,00;330.382,00;1.363.818,00
"NEVERA HCB NF CS 294LT SIBER ME""G ACTIF-048 NEVERA HCB NF CS 294LT SIBER ME""G";152405 MUEBLES Y ENSERES;;31/12/2025;SALDO INICIAL;;;1.340.631,00;0,00;1.340.631,00
;Total 152405 MUEBLES Y ENSERES;;;;;;1.340.631,00;0,00;1.340.631,00
;159215 EQUIPO DE OFICINA;;31/12/2025;SALDO INICIAL;;;0,00;502.750,00;-502.750,00
;;GVM CORPORATION GLOBAL VETERINARY MEDICINE S A S;31/01/2026;"DEPRECIACION ENERO 2026  NEVERA HCB NF CS 294LT SIBER ME""G";;(GCG) dp 96;0,00;10.055,00;-512.805,00
;;GVM CORPORATION GLOBAL VETERINARY MEDICINE S A S;28/02/2026;"DEPRECIACION FEBRERO 2026  NEVERA HCB NF CS 294LT SIBER ME""G";;(GCG) dp 97;0,00;10.055,00;-522.860,00
;;GVM CORPORATION GLOBAL VETERINARY MEDICINE S A S;31/03/2026;"DEPRECIACION MARZO 2026  NEVERA HCB NF CS 294LT SIBER ME""G";;(GCG) dp 98;0,00;10.055,00;-532.915,00
;Total 159215 EQUIPO DE OFICINA;;;;;;0,00;532.915,00;-532.915,00
"Total NEVERA HCB NF CS 294LT SIBER ME""G ACTIF-048 NEVERA HCB NF CS 294LT SIBER ME""G";;;;;;;1.340.631,00;532.915,00;807.716,00
NEVERA MABE NF 297 LT ACTIF-052 NEVERA MABE NF 297 LT;152005 MAQUINARIA Y EQUIPO;;31/12/2025;SALDO INICIAL;;;1.599.900,00;0,00;1.599.900,00
;Total 152005 MAQUINARIA Y EQUIPO;;;;;;1.599.900,00;0,00;1.599.900,00
;159210 MAQUINARIA Y EQUIPO;;31/12/2025;SALDO INICIAL;;;0,00;551.954,00;-551.954,00
;;GVM CORPORATION GLOBAL VETERINARY MEDICINE S A S;31/01/2026;DEPRECIACION ENERO 2026  NEVERA MABE NF 297 LT;;(GCG) dp 96;0,00;11.999,00;-563.953,00
;;GVM CORPORATION GLOBAL VETERINARY MEDICINE S A S;28/02/2026;DEPRECIACION FEBRERO 2026  NEVERA MABE NF 297 LT;;(GCG) dp 97;0,00;11.999,00;-575.952,00
;;GVM CORPORATION GLOBAL VETERINARY MEDICINE S A S;31/03/2026;DEPRECIACION MARZO 2026  NEVERA MABE NF 297 LT;;(GCG) dp 98;0,00;11.999,00;-587.951,00
;Total 159210 MAQUINARIA Y EQUIPO;;;;;;0,00;587.951,00;-587.951,00
Total NEVERA MABE NF 297 LT ACTIF-052 NEVERA MABE NF 297 LT;;;;;;;1.599.900,00;587.951,00;1.011.949,00
NEVERA VERTICAL  G3 26 PIES ACTIF-050 NEVERA VERTICAL  G3 26 PIES;152005 MAQUINARIA Y EQUIPO;;31/12/2025;SALDO INICIAL;;;6.345.000,00;0,00;6.345.000,00
;Total 152005 MAQUINARIA Y EQUIPO;;;;;;6.345.000,00;0,00;6.345.000,00
;159210 MAQUINARIA Y EQUIPO;;31/12/2025;SALDO INICIAL;;;0,00;2.331.812,00;-2.331.812,00
;;GVM CORPORATION GLOBAL VETERINARY MEDICINE S A S;31/01/2026;DEPRECIACION ENERO 2026  NEVERA VERTICAL  G3 26 PIES;;(GCG) dp 96;0,00;47.588,00;-2.379.400,00
;;GVM CORPORATION GLOBAL VETERINARY MEDICINE S A S;28/02/2026;DEPRECIACION FEBRERO 2026  NEVERA VERTICAL  G3 26 PIES;;(GCG) dp 97;0,00;47.588,00;-2.426.988,00
;;GVM CORPORATION GLOBAL VETERINARY MEDICINE S A S;31/03/2026;DEPRECIACION MARZO 2026  NEVERA VERTICAL  G3 26 PIES;;(GCG) dp 98;0,00;47.588,00;-2.474.576,00
;Total 159210 MAQUINARIA Y EQUIPO;;;;;;0,00;2.474.576,00;-2.474.576,00
Total NEVERA VERTICAL  G3 26 PIES ACTIF-050 NEVERA VERTICAL  G3 26 PIES;;;;;;;6.345.000,00;2.474.576,00;3.870.424,00
NEVERA VERTICAL G3 - 42 PIES + KIT DE LABORATORIO ACTIF-020;152005 MAQUINARIA Y EQUIPO;;31/12/2025;SALDO INICIAL;;;6.645.000,00;0,00;6.645.000,00
;Total 152005 MAQUINARIA Y EQUIPO;;;;;;6.645.000,00;0,00;6.645.000,00
;159210 MAQUINARIA Y EQUIPO;;31/12/2025;SALDO INICIAL;;;0,00;3.438.822,00;-3.438.822,00
;;GVM CORPORATION GLOBAL VETERINARY MEDICINE S A S;31/01/2026;DEPRECIACION ENERO 2026  NEVERA VERTICAL G3 - 42 PIES + KIT DE LABORATORIO;;(GCG) dp 96;0,00;49.838,00;-3.488.660,00
;;GVM CORPORATION GLOBAL VETERINARY MEDICINE S A S;28/02/2026;DEPRECIACION FEBRERO 2026  NEVERA VERTICAL G3 - 42 PIES + KIT DE LABORATORIO;;(GCG) dp 97;0,00;49.838,00;-3.538.498,00
;;GVM CORPORATION GLOBAL VETERINARY MEDICINE S A S;31/03/2026;DEPRECIACION MARZO 2026  NEVERA VERTICAL G3 - 42 PIES + KIT DE LABORATORIO;;(GCG) dp 98;0,00;49.838,00;-3.588.336,00
;Total 159210 MAQUINARIA Y EQUIPO;;;;;;0,00;3.588.336,00;-3.588.336,00
Total NEVERA VERTICAL G3 - 42 PIES + KIT DE LABORATORIO ACTIF-020;;;;;;;6.645.000,00;3.588.336,00;3.056.664,00
NEVERA VERTICAL VR-33 PIES ACTIF-072 NEVERA VERTICAL;152005 MAQUINARIA Y EQUIPO;;31/12/2025;SALDO INICIAL;;;8.310.300,00;0,00;8.310.300,00
;Total 152005 MAQUINARIA Y EQUIPO;;;;;;8.310.300,00;0,00;8.310.300,00
;159210 MAQUINARIA Y EQUIPO;;31/12/2025;SALDO INICIAL;;;0,00;2.493.080,00;-2.493.080,00
;;GVM CORPORATION GLOBAL VETERINARY MEDICINE S A S;31/01/2026;DEPRECIACION ENERO 2026  NEVERA VERTICAL VR-33 PIES;;(GCG) dp 96;0,00;62.327,00;-2.555.407,00
;;GVM CORPORATION GLOBAL VETERINARY MEDICINE S A S;28/02/2026;DEPRECIACION FEBRERO 2026  NEVERA VERTICAL VR-33 PIES;;(GCG) dp 97;0,00;62.327,00;-2.617.734,00
;;GVM CORPORATION GLOBAL VETERINARY MEDICINE S A S;31/03/2026;DEPRECIACION MARZO 2026  NEVERA VERTICAL VR-33 PIES;;(GCG) dp 98;0,00;62.327,00;-2.680.061,00
;Total 159210 MAQUINARIA Y EQUIPO;;;;;;0,00;2.680.061,00;-2.680.061,00
Total NEVERA VERTICAL VR-33 PIES ACTIF-072 NEVERA VERTICAL;;;;;;;8.310.300,00;2.680.061,00;5.630.239,00
PLANTA ELECTRICA EM-FG3500 ACTIF-100;152005 MAQUINARIA Y EQUIPO;;31/12/2025;SALDO INICIAL;;;1.979.000,00;0,00;1.979.000,00
;Total 152005 MAQUINARIA Y EQUIPO;;;;;;1.979.000,00;0,00;1.979.000,00
;159210 MAQUINARIA Y EQUIPO;;31/12/2025;SALDO INICIAL;;;0,00;341.389,00;-341.389,00
;;GVM CORPORATION GLOBAL VETERINARY MEDICINE S A S;31/01/2026;DEPRECIACION ENERO 2026  PLANTA ELECTRICA EM-FG3500;;(GCG) dp 96;0,00;14.843,00;-356.232,00
;;GVM CORPORATION GLOBAL VETERINARY MEDICINE S A S;28/02/2026;DEPRECIACION FEBRERO 2026  PLANTA ELECTRICA EM-FG3500;;(GCG) dp 97;0,00;14.843,00;-371.075,00
;;GVM CORPORATION GLOBAL VETERINARY MEDICINE S A S;31/03/2026;DEPRECIACION MARZO 2026  PLANTA ELECTRICA EM-FG3500;;(GCG) dp 98;0,00;14.843,00;-385.918,00
;Total 159210 MAQUINARIA Y EQUIPO;;;;;;0,00;385.918,00;-385.918,00
Total PLANTA ELECTRICA EM-FG3500 ACTIF-100;;;;;;;1.979.000,00;385.918,00;1.593.082,00
PORTATIL DELL CORPORATIVO RAM 8 GB SSD 256 GB ACTIF-085 PORTATIL DELL CORPORATIVO;152805 EQUIPOS DE PROCESAMIENTO DE DATOS;;31/12/2025;SALDO INICIAL;;;4.124.000,00;0,00;4.124.000,00
;Total 152805 EQUIPOS DE PROCESAMIENTO DE DATOS;;;;;;4.124.000,00;0,00;4.124.000,00
;159220 EQUIPO DE COMPUTACION Y COMUNICACION;;31/12/2025;SALDO INICIAL;;;0,00;1.697.722,00;-1.697.722,00
;;GVM CORPORATION GLOBAL VETERINARY MEDICINE S A S;31/01/2026;DEPRECIACION ENERO 2026  PORTATIL DELL CORPORATIVO RAM 8 GB SSD 256 GB;;(GCG) dp 96;0,00;65.297,00;-1.763.019,00
;;GVM CORPORATION GLOBAL VETERINARY MEDICINE S A S;28/02/2026;DEPRECIACION FEBRERO 2026  PORTATIL DELL CORPORATIVO RAM 8 GB SSD 256 GB;;(GCG) dp 97;0,00;65.297,00;-1.828.316,00
;;GVM CORPORATION GLOBAL VETERINARY MEDICINE S A S;31/03/2026;DEPRECIACION MARZO 2026  PORTATIL DELL CORPORATIVO RAM 8 GB SSD 256 GB;;(GCG) dp 98;0,00;65.297,00;-1.893.613,00
;Total 159220 EQUIPO DE COMPUTACION Y COMUNICACION;;;;;;0,00;1.893.613,00;-1.893.613,00
Total PORTATIL DELL CORPORATIVO RAM 8 GB SSD 256 GB ACTIF-085 PORTATIL DELL CORPORATIVO;;;;;;;4.124.000,00;1.893.613,00;2.230.387,00
PORTATIL DELL LATITUDE 5420 I5 16GB ACTIF-082 PORTATIL DELL;152805 EQUIPOS DE PROCESAMIENTO DE DATOS;;31/12/2025;SALDO INICIAL;;;2.393.700,00;0,00;2.393.700,00
;Total 152805 EQUIPOS DE PROCESAMIENTO DE DATOS;;;;;;2.393.700,00;0,00;2.393.700,00
;159220 EQUIPO DE COMPUTACION Y COMUNICACION;;31/12/2025;SALDO INICIAL;;;0,00;1.113.086,00;-1.113.086,00
;;GVM CORPORATION GLOBAL VETERINARY MEDICINE S A S;31/01/2026;DEPRECIACION ENERO 2026  PORTATIL DELL LATITUDE 5420 I5 16GB;;(GCG) dp 96;0,00;35.906,00;-1.148.992,00
;;GVM CORPORATION GLOBAL VETERINARY MEDICINE S A S;28/02/2026;DEPRECIACION FEBRERO 2026  PORTATIL DELL LATITUDE 5420 I5 16GB;;(GCG) dp 97;0,00;35.906,00;-1.184.898,00
;;GVM CORPORATION GLOBAL VETERINARY MEDICINE S A S;31/03/2026;DEPRECIACION MARZO 2026  PORTATIL DELL LATITUDE 5420 I5 16GB;;(GCG) dp 98;0,00;35.906,00;-1.220.804,00
;Total 159220 EQUIPO DE COMPUTACION Y COMUNICACION;;;;;;0,00;1.220.804,00;-1.220.804,00
Total PORTATIL DELL LATITUDE 5420 I5 16GB ACTIF-082 PORTATIL DELL;;;;;;;2.393.700,00;1.220.804,00;1.172.896,00
PORTATIL HP PROBOOK 445 G9 AMD RIZEN 5 5625 ACTIF-084 PORTATIL HP PROBOOK;152805 EQUIPOS DE PROCESAMIENTO DE DATOS;;31/12/2025;SALDO INICIAL;;;4.995.600,00;0,00;4.995.600,00
;Total 152805 EQUIPOS DE PROCESAMIENTO DE DATOS;;;;;;4.995.600,00;0,00;4.995.600,00
;159220 EQUIPO DE COMPUTACION Y COMUNICACION;;31/12/2025;SALDO INICIAL;;;0,00;2.214.716,00;-2.214.716,00
;;GVM CORPORATION GLOBAL VETERINARY MEDICINE S A S;31/01/2026;DEPRECIACION ENERO 2026  PORTATIL HP PROBOOK 445 G9 AMD RIZEN 5 5625;;(GCG) dp 96;0,00;79.097,00;-2.293.813,00
;;GVM CORPORATION GLOBAL VETERINARY MEDICINE S A S;28/02/2026;DEPRECIACION FEBRERO 2026  PORTATIL HP PROBOOK 445 G9 AMD RIZEN 5 5625;;(GCG) dp 97;0,00;79.097,00;-2.372.910,00
;;GVM CORPORATION GLOBAL VETERINARY MEDICINE S A S;31/03/2026;DEPRECIACION MARZO 2026  PORTATIL HP PROBOOK 445 G9 AMD RIZEN 5 5625;;(GCG) dp 98;0,00;79.097,00;-2.452.007,00
;Total 159220 EQUIPO DE COMPUTACION Y COMUNICACION;;;;;;0,00;2.452.007,00;-2.452.007,00
Total PORTATIL HP PROBOOK 445 G9 AMD RIZEN 5 5625 ACTIF-084 PORTATIL HP PROBOOK;;;;;;;4.995.600,00;2.452.007,00;2.543.593,00
PORTATIL LENOVO IDEAPAD3 R5 AZ ACTIF-081 PORTATIL LENOVO;152805 EQUIPOS DE PROCESAMIENTO DE DATOS;;31/12/2025;SALDO INICIAL;;;2.119.000,00;0,00;2.119.000,00
;Total 152805 EQUIPOS DE PROCESAMIENTO DE DATOS;;;;;;2.119.000,00;0,00;2.119.000,00
;159220 EQUIPO DE COMPUTACION Y COMUNICACION;;31/12/2025;SALDO INICIAL;;;0,00;985.335,00;-985.335,00
;;GVM CORPORATION GLOBAL VETERINARY MEDICINE S A S;31/01/2026;DEPRECIACION ENERO 2026  PORTATIL LENOVO IDEAPAD3 R5 AZ;;(GCG) dp 96;0,00;31.785,00;-1.017.120,00
;;GVM CORPORATION GLOBAL VETERINARY MEDICINE S A S;28/02/2026;DEPRECIACION FEBRERO 2026  PORTATIL LENOVO IDEAPAD3 R5 AZ;;(GCG) dp 97;0,00;31.785,00;-1.048.905,00
;;GVM CORPORATION GLOBAL VETERINARY MEDICINE S A S;31/03/2026;DEPRECIACION MARZO 2026  PORTATIL LENOVO IDEAPAD3 R5 AZ;;(GCG) dp 98;0,00;31.785,00;-1.080.690,00
;Total 159220 EQUIPO DE COMPUTACION Y COMUNICACION;;;;;;0,00;1.080.690,00;-1.080.690,00
Total PORTATIL LENOVO IDEAPAD3 R5 AZ ACTIF-081 PORTATIL LENOVO;;;;;;;2.119.000,00;1.080.690,00;1.038.310,00
PORTATIL LENOVO THINKPAD T14 ACTIF-099;152805 EQUIPOS DE PROCESAMIENTO DE DATOS;;31/12/2025;SALDO INICIAL;;;5.412.000,00;0,00;5.412.000,00
;Total 152805 EQUIPOS DE PROCESAMIENTO DE DATOS;;;;;;5.412.000,00;0,00;5.412.000,00
;159220 EQUIPO DE COMPUTACION Y COMUNICACION;;31/12/2025;SALDO INICIAL;;;0,00;1.970.870,00;-1.970.870,00
;;GVM CORPORATION GLOBAL VETERINARY MEDICINE S A S;31/01/2026;DEPRECIACION ENERO 2026  PORTATIL LENOVO THINKPAD T14;;(GCG) dp 96;0,00;85.690,00;-2.056.560,00
;;GVM CORPORATION GLOBAL VETERINARY MEDICINE S A S;28/02/2026;DEPRECIACION FEBRERO 2026  PORTATIL LENOVO THINKPAD T14;;(GCG) dp 97;0,00;85.690,00;-2.142.250,00
;;GVM CORPORATION GLOBAL VETERINARY MEDICINE S A S;31/03/2026;DEPRECIACION MARZO 2026  PORTATIL LENOVO THINKPAD T14;;(GCG) dp 98;0,00;85.690,00;-2.227.940,00
;Total 159220 EQUIPO DE COMPUTACION Y COMUNICACION;;;;;;0,00;2.227.940,00;-2.227.940,00
Total PORTATIL LENOVO THINKPAD T14 ACTIF-099;;;;;;;5.412.000,00;2.227.940,00;3.184.060,00
PORTATIL THINKPAD E14 INTEL CORE I5 ACTIF-165;152805 EQUIPOS DE PROCESAMIENTO DE DATOS;INTELIGENCIA TECNOLOGICA NBA SAS;16/02/2026;FC419 PORTATIL BOG;;(GCG) FC 752;1.300.000,00;0,00;1.300.000,00
;Total 152805 EQUIPOS DE PROCESAMIENTO DE DATOS;;;;;;1.300.000,00;0,00;1.300.000,00
;159220 EQUIPO DE COMPUTACION Y COMUNICACION;GVM CORPORATION GLOBAL VETERINARY MEDICINE S A S;28/02/2026;DEPRECIACION FEBRERO 2026  PORTATIL THINKPAD E14 INTEL CORE I5;;(GCG) dp 97;0,00;19.500,00;-19.500,00
;;GVM CORPORATION GLOBAL VETERINARY MEDICINE S A S;31/03/2026;DEPRECIACION MARZO 2026  PORTATIL THINKPAD E14 INTEL CORE I5;;(GCG) dp 98;0,00;19.500,00;-39.000,00
;Total 159220 EQUIPO DE COMPUTACION Y COMUNICACION;;;;;;0,00;39.000,00;-39.000,00
Total PORTATIL THINKPAD E14 INTEL CORE I5 ACTIF-165;;;;;;;1.300.000,00;39.000,00;1.261.000,00
PUESTO DE TRABAJO L 1.50 X 1.50 ACTIF-141;152405 MUEBLES Y ENSERES;;31/12/2025;SALDO INICIAL;;;571.200,00;0,00;571.200,00
;Total 152405 MUEBLES Y ENSERES;;;;;;571.200,00;0,00;571.200,00
;159215 EQUIPO DE OFICINA;;31/12/2025;SALDO INICIAL;;;0,00;25.704,00;-25.704,00
;;GVM CORPORATION GLOBAL VETERINARY MEDICINE S A S;31/01/2026;DEPRECIACION ENERO 2026  PUESTO DE TRABAJO L 1.50 X 1.50;;(GCG) dp 96;0,00;4.284,00;-29.988,00
;;GVM CORPORATION GLOBAL VETERINARY MEDICINE S A S;28/02/2026;DEPRECIACION FEBRERO 2026  PUESTO DE TRABAJO L 1.50 X 1.50;;(GCG) dp 97;0,00;4.284,00;-34.272,00
;;GVM CORPORATION GLOBAL VETERINARY MEDICINE S A S;31/03/2026;DEPRECIACION MARZO 2026  PUESTO DE TRABAJO L 1.50 X 1.50;;(GCG) dp 98;0,00;4.284,00;-38.556,00
;Total 159215 EQUIPO DE OFICINA;;;;;;0,00;38.556,00;-38.556,00
Total PUESTO DE TRABAJO L 1.50 X 1.50 ACTIF-141;;;;;;;571.200,00;38.556,00;532.644,00
REFRIGERADOR VERTICAL 697 LT ACTIF-088 REFRIGERADOR;152005 MAQUINARIA Y EQUIPO;;31/12/2025;SALDO INICIAL;;;16.200.002,00;0,00;16.200.002,00
;Total 152005 MAQUINARIA Y EQUIPO;;;;;;16.200.002,00;0,00;16.200.002,00
;159210 MAQUINARIA Y EQUIPO;;31/12/2025;SALDO INICIAL;;;0,00;3.124.577,00;-3.124.577,00
;;GVM CORPORATION GLOBAL VETERINARY MEDICINE S A S;31/01/2026;DEPRECIACION ENERO 2026  REFRIGERADOR VERTICAL 697 LT;;(GCG) dp 96;0,00;130.583,00;-3.255.160,00
;;GVM CORPORATION GLOBAL VETERINARY MEDICINE S A S;28/02/2026;DEPRECIACION FEBRERO 2026  REFRIGERADOR VERTICAL 697 LT;;(GCG) dp 97;0,00;130.583,00;-3.385.743,00
;;GVM CORPORATION GLOBAL VETERINARY MEDICINE S A S;31/03/2026;DEPRECIACION MARZO 2026  REFRIGERADOR VERTICAL 697 LT;;(GCG) dp 98;0,00;130.583,00;-3.516.326,00
;Total 159210 MAQUINARIA Y EQUIPO;;;;;;0,00;3.516.326,00;-3.516.326,00
Total REFRIGERADOR VERTICAL 697 LT ACTIF-088 REFRIGERADOR;;;;;;;16.200.002,00;3.516.326,00;12.683.676,00
REGISTRO DE ENTRADA Y SALIDA POR HUELLA DIGITAL ACTIF-120;152805 EQUIPOS DE PROCESAMIENTO DE DATOS;;31/12/2025;SALDO INICIAL;;;329.900,00;0,00;329.900,00
;Total 152805 EQUIPOS DE PROCESAMIENTO DE DATOS;;;;;;329.900,00;0,00;329.900,00
;159220 EQUIPO DE COMPUTACION Y COMUNICACION;;31/12/2025;SALDO INICIAL;;;0,00;89.082,00;-89.082,00
;;GVM CORPORATION GLOBAL VETERINARY MEDICINE S A S;31/01/2026;DEPRECIACION ENERO 2026  REGISTRO DE ENTRADA Y SALIDA POR HUELLA DIGITAL;;(GCG) dp 96;0,00;4.949,00;-94.031,00
;;GVM CORPORATION GLOBAL VETERINARY MEDICINE S A S;28/02/2026;DEPRECIACION FEBRERO 2026  REGISTRO DE ENTRADA Y SALIDA POR HUELLA DIGITAL;;(GCG) dp 97;0,00;4.949,00;-98.980,00
;;GVM CORPORATION GLOBAL VETERINARY MEDICINE S A S;31/03/2026;DEPRECIACION MARZO 2026  REGISTRO DE ENTRADA Y SALIDA POR HUELLA DIGITAL;;(GCG) dp 98;0,00;4.949,00;-103.929,00
;Total 159220 EQUIPO DE COMPUTACION Y COMUNICACION;;;;;;0,00;103.929,00;-103.929,00
Total REGISTRO DE ENTRADA Y SALIDA POR HUELLA DIGITAL ACTIF-120;;;;;;;329.900,00;103.929,00;225.971,00
SALA JUNTAS *6 SILLAS ACTIF-102;152405 MUEBLES Y ENSERES;;31/12/2025;SALDO INICIAL;;;2.500.000,00;0,00;2.500.000,00
;Total 152405 MUEBLES Y ENSERES;;;;;;2.500.000,00;0,00;2.500.000,00
;159215 EQUIPO DE OFICINA;;31/12/2025;SALDO INICIAL;;;0,00;431.250,00;-431.250,00
;;GVM CORPORATION GLOBAL VETERINARY MEDICINE S A S;31/01/2026;DEPRECIACION ENERO 2026  SALA JUNTAS *6 SILLAS;;(GCG) dp 96;0,00;18.750,00;-450.000,00
;;GVM CORPORATION GLOBAL VETERINARY MEDICINE S A S;28/02/2026;DEPRECIACION FEBRERO 2026  SALA JUNTAS *6 SILLAS;;(GCG) dp 97;0,00;18.750,00;-468.750,00
;;GVM CORPORATION GLOBAL VETERINARY MEDICINE S A S;31/03/2026;DEPRECIACION MARZO 2026  SALA JUNTAS *6 SILLAS;;(GCG) dp 98;0,00;18.750,00;-487.500,00
;Total 159215 EQUIPO DE OFICINA;;;;;;0,00;487.500,00;-487.500,00
Total SALA JUNTAS *6 SILLAS ACTIF-102;;;;;;;2.500.000,00;487.500,00;2.012.500,00
SILLA  EJECUTIVA ACTIF-008;152410 EQUIPOS;;31/12/2025;SALDO INICIAL;;;300.000,00;0,00;300.000,00
;Total 152410 EQUIPOS;;;;;;300.000,00;0,00;300.000,00
;159215 EQUIPO DE OFICINA;;31/12/2025;SALDO INICIAL;;;0,00;270.000,00;-270.000,00
;Total 159215 EQUIPO DE OFICINA;;;;;;0,00;270.000,00;-270.000,00
Total SILLA  EJECUTIVA ACTIF-008;;;;;;;300.000,00;270.000,00;30.000,00
SILLA  FIORY  1  SILLAS  ESCRITORIOS  (5 UND) ACTIF-041 SILLA  FIORY;152405 MUEBLES Y ENSERES;;31/12/2025;SALDO INICIAL;;;2.189.900,00;0,00;2.189.900,00
;Total 152405 MUEBLES Y ENSERES;;;;;;2.189.900,00;0,00;2.189.900,00
;159215 EQUIPO DE OFICINA;;31/12/2025;SALDO INICIAL;;;0,00;870.472,00;-870.472,00
;;GVM CORPORATION GLOBAL VETERINARY MEDICINE S A S;31/01/2026;DEPRECIACION ENERO 2026  SILLA  FIORY  1  SILLAS  ESCRITORIOS  (5 UND);;(GCG) dp 96;0,00;16.424,00;-886.896,00
;;GVM CORPORATION GLOBAL VETERINARY MEDICINE S A S;28/02/2026;DEPRECIACION FEBRERO 2026  SILLA  FIORY  1  SILLAS  ESCRITORIOS  (5 UND);;(GCG) dp 97;0,00;16.424,00;-903.320,00
;;GVM CORPORATION GLOBAL VETERINARY MEDICINE S A S;31/03/2026;DEPRECIACION MARZO 2026  SILLA  FIORY  1  SILLAS  ESCRITORIOS  (5 UND);;(GCG) dp 98;0,00;16.424,00;-919.744,00
;Total 159215 EQUIPO DE OFICINA;;;;;;0,00;919.744,00;-919.744,00
Total SILLA  FIORY  1  SILLAS  ESCRITORIOS  (5 UND) ACTIF-041 SILLA  FIORY;;;;;;;2.189.900,00;919.744,00;1.270.156,00
SILLA BARU WENGUE ACTIF-065 SILLA BARU;152405 MUEBLES Y ENSERES;;31/12/2025;SALDO INICIAL;;;279.000,00;0,00;279.000,00
;Total 152405 MUEBLES Y ENSERES;;;;;;279.000,00;0,00;279.000,00
;159215 EQUIPO DE OFICINA;;31/12/2025;SALDO INICIAL;;;0,00;93.767,00;-93.767,00
;;GVM CORPORATION GLOBAL VETERINARY MEDICINE S A S;31/01/2026;DEPRECIACION ENERO 2026  SILLA BARU WENGUE;;(GCG) dp 96;0,00;2.287,00;-96.054,00
;;GVM CORPORATION GLOBAL VETERINARY MEDICINE S A S;28/02/2026;DEPRECIACION FEBRERO 2026  SILLA BARU WENGUE;;(GCG) dp 97;0,00;2.287,00;-98.341,00
;;GVM CORPORATION GLOBAL VETERINARY MEDICINE S A S;31/03/2026;DEPRECIACION MARZO 2026  SILLA BARU WENGUE;;(GCG) dp 98;0,00;2.287,00;-100.628,00
;Total 159215 EQUIPO DE OFICINA;;;;;;0,00;100.628,00;-100.628,00
Total SILLA BARU WENGUE ACTIF-065 SILLA BARU;;;;;;;279.000,00;100.628,00;178.372,00
SILLA CHERRY OPERATIVA SALAS DE JUNTAS (5 UND) ACTIF-040 SILLAS OPERATIVAS;152405 MUEBLES Y ENSERES;;31/12/2025;SALDO INICIAL;;;2.196.978,00;0,00;2.196.978,00
;Total 152405 MUEBLES Y ENSERES;;;;;;2.196.978,00;0,00;2.196.978,00
;159215 EQUIPO DE OFICINA;;31/12/2025;SALDO INICIAL;;;0,00;873.281,00;-873.281,00
;;GVM CORPORATION GLOBAL VETERINARY MEDICINE S A S;31/01/2026;DEPRECIACION ENERO 2026  SILLA CHERRY OPERATIVA SALAS DE JUNTAS (5 UND);;(GCG) dp 96;0,00;16.477,00;-889.758,00
;;GVM CORPORATION GLOBAL VETERINARY MEDICINE S A S;28/02/2026;DEPRECIACION FEBRERO 2026  SILLA CHERRY OPERATIVA SALAS DE JUNTAS (5 UND);;(GCG) dp 97;0,00;16.477,00;-906.235,00
;;GVM CORPORATION GLOBAL VETERINARY MEDICINE S A S;31/03/2026;DEPRECIACION MARZO 2026  SILLA CHERRY OPERATIVA SALAS DE JUNTAS (5 UND);;(GCG) dp 98;0,00;16.477,00;-922.712,00
;Total 159215 EQUIPO DE OFICINA;;;;;;0,00;922.712,00;-922.712,00
Total SILLA CHERRY OPERATIVA SALAS DE JUNTAS (5 UND) ACTIF-040 SILLAS OPERATIVAS;;;;;;;2.196.978,00;922.712,00;1.274.266,00
SILLA ESPERA ACTIF-009;152410 EQUIPOS;;31/12/2025;SALDO INICIAL;;;200.000,00;0,00;200.000,00
;Total 152410 EQUIPOS;;;;;;200.000,00;0,00;200.000,00
;159215 EQUIPO DE OFICINA;;31/12/2025;SALDO INICIAL;;;0,00;190.000,00;-190.000,00
;Total 159215 EQUIPO DE OFICINA;;;;;;0,00;190.000,00;-190.000,00
Total SILLA ESPERA ACTIF-009;;;;;;;200.000,00;190.000,00;10.000,00
SILLA FIORY  OPERATIVA PLANA AZUL ACTIF-074 SILLA FIORY;152405 MUEBLES Y ENSERES;;31/12/2025;SALDO INICIAL;;;3.640.210,00;0,00;3.640.210,00
;Total 152405 MUEBLES Y ENSERES;;;;;;3.640.210,00;0,00;3.640.210,00
;159215 EQUIPO DE OFICINA;;31/12/2025;SALDO INICIAL;;;0,00;751.454,00;-751.454,00
;;GVM CORPORATION GLOBAL VETERINARY MEDICINE S A S;31/01/2026;DEPRECIACION ENERO 2026  SILLA FIORY  OPERATIVA PLANA AZUL;;(GCG) dp 96;0,00;29.953,00;-781.407,00
;;GVM CORPORATION GLOBAL VETERINARY MEDICINE S A S;28/02/2026;DEPRECIACION FEBRERO 2026  SILLA FIORY  OPERATIVA PLANA AZUL;;(GCG) dp 97;0,00;29.953,00;-811.360,00
;;GVM CORPORATION GLOBAL VETERINARY MEDICINE S A S;31/03/2026;DEPRECIACION MARZO 2026  SILLA FIORY  OPERATIVA PLANA AZUL;;(GCG) dp 98;0,00;29.953,00;-841.313,00
;Total 159215 EQUIPO DE OFICINA;;;;;;0,00;841.313,00;-841.313,00
Total SILLA FIORY  OPERATIVA PLANA AZUL ACTIF-074 SILLA FIORY;;;;;;;3.640.210,00;841.313,00;2.798.897,00
SILLA FIORY 1 SILLA ESCRITORIO (2 UND) MUE;152405 MUEBLES Y ENSERES;;31/12/2025;SALDO INICIAL;;;1.092.420,00;0,00;1.092.420,00
;Total 152405 MUEBLES Y ENSERES;;;;;;1.092.420,00;0,00;1.092.420,00
;159215 EQUIPO DE OFICINA;;31/12/2025;SALDO INICIAL;;;0,00;380.512,00;-380.512,00
;;GVM CORPORATION GLOBAL VETERINARY MEDICINE S A S;31/01/2026;DEPRECIACION ENERO 2026  SILLA FIORY 1 SILLA ESCRITORIO (2 UND);;(GCG) dp 96;0,00;8.648,00;-389.160,00
;;GVM CORPORATION GLOBAL VETERINARY MEDICINE S A S;28/02/2026;DEPRECIACION FEBRERO 2026  SILLA FIORY 1 SILLA ESCRITORIO (2 UND);;(GCG) dp 97;0,00;8.648,00;-397.808,00
;;GVM CORPORATION GLOBAL VETERINARY MEDICINE S A S;31/03/2026;DEPRECIACION MARZO 2026  SILLA FIORY 1 SILLA ESCRITORIO (2 UND);;(GCG) dp 98;0,00;8.648,00;-406.456,00
;Total 159215 EQUIPO DE OFICINA;;;;;;0,00;406.456,00;-406.456,00
Total SILLA FIORY 1 SILLA ESCRITORIO (2 UND) MUE;;;;;;;1.092.420,00;406.456,00;685.964,00
SILLA FIORY OPERATIVA 01 ACTIF-157;152405 MUEBLES Y ENSERES;;31/12/2025;SALDO INICIAL;;;618.800,00;0,00;618.800,00
;Total 152405 MUEBLES Y ENSERES;;;;;;618.800,00;0,00;618.800,00
;159215 EQUIPO DE OFICINA;;31/12/2025;SALDO INICIAL;;;0,00;13.923,00;-13.923,00
;;GVM CORPORATION GLOBAL VETERINARY MEDICINE S A S;31/01/2026;DEPRECIACION ENERO 2026  SILLA FIORY OPERATIVA 01;;(GCG) dp 96;0,00;4.641,00;-18.564,00
;;GVM CORPORATION GLOBAL VETERINARY MEDICINE S A S;28/02/2026;DEPRECIACION FEBRERO 2026  SILLA FIORY OPERATIVA 01;;(GCG) dp 97;0,00;4.641,00;-23.205,00
;;GVM CORPORATION GLOBAL VETERINARY MEDICINE S A S;31/03/2026;DEPRECIACION MARZO 2026  SILLA FIORY OPERATIVA 01;;(GCG) dp 98;0,00;4.641,00;-27.846,00
;Total 159215 EQUIPO DE OFICINA;;;;;;0,00;27.846,00;-27.846,00
Total SILLA FIORY OPERATIVA 01 ACTIF-157;;;;;;;618.800,00;27.846,00;590.954,00
SILLA FIORY OPERATIVA 02 ACTIF-152;152405 MUEBLES Y ENSERES;;31/12/2025;SALDO INICIAL;;;618.800,00;0,00;618.800,00
;Total 152405 MUEBLES Y ENSERES;;;;;;618.800,00;0,00;618.800,00
;159215 EQUIPO DE OFICINA;;31/12/2025;SALDO INICIAL;;;0,00;13.923,00;-13.923,00
;;GVM CORPORATION GLOBAL VETERINARY MEDICINE S A S;31/01/2026;DEPRECIACION ENERO 2026  SILLA FIORY OPERATIVA 02;;(GCG) dp 96;0,00;4.641,00;-18.564,00
;;GVM CORPORATION GLOBAL VETERINARY MEDICINE S A S;28/02/2026;DEPRECIACION FEBRERO 2026  SILLA FIORY OPERATIVA 02;;(GCG) dp 97;0,00;4.641,00;-23.205,00
;;GVM CORPORATION GLOBAL VETERINARY MEDICINE S A S;31/03/2026;DEPRECIACION MARZO 2026  SILLA FIORY OPERATIVA 02;;(GCG) dp 98;0,00;4.641,00;-27.846,00
;Total 159215 EQUIPO DE OFICINA;;;;;;0,00;27.846,00;-27.846,00
Total SILLA FIORY OPERATIVA 02 ACTIF-152;;;;;;;618.800,00;27.846,00;590.954,00
SILLA FIORY OPERATIVA 03 ACTIF-153;152405 MUEBLES Y ENSERES;;31/12/2025;SALDO INICIAL;;;618.800,00;0,00;618.800,00
;Total 152405 MUEBLES Y ENSERES;;;;;;618.800,00;0,00;618.800,00
;159215 EQUIPO DE OFICINA;;31/12/2025;SALDO INICIAL;;;0,00;13.923,00;-13.923,00
;;GVM CORPORATION GLOBAL VETERINARY MEDICINE S A S;31/01/2026;DEPRECIACION ENERO 2026  SILLA FIORY OPERATIVA 03;;(GCG) dp 96;0,00;4.641,00;-18.564,00
;;GVM CORPORATION GLOBAL VETERINARY MEDICINE S A S;28/02/2026;DEPRECIACION FEBRERO 2026  SILLA FIORY OPERATIVA 03;;(GCG) dp 97;0,00;4.641,00;-23.205,00
;;GVM CORPORATION GLOBAL VETERINARY MEDICINE S A S;31/03/2026;DEPRECIACION MARZO 2026  SILLA FIORY OPERATIVA 03;;(GCG) dp 98;0,00;4.641,00;-27.846,00
;Total 159215 EQUIPO DE OFICINA;;;;;;0,00;27.846,00;-27.846,00
Total SILLA FIORY OPERATIVA 03 ACTIF-153;;;;;;;618.800,00;27.846,00;590.954,00
SILLA FIORY OPERATIVA 04 ACTIF-154;152405 MUEBLES Y ENSERES;;31/12/2025;SALDO INICIAL;;;618.800,00;0,00;618.800,00
;Total 152405 MUEBLES Y ENSERES;;;;;;618.800,00;0,00;618.800,00
;159215 EQUIPO DE OFICINA;;31/12/2025;SALDO INICIAL;;;0,00;13.923,00;-13.923,00
;;GVM CORPORATION GLOBAL VETERINARY MEDICINE S A S;31/01/2026;DEPRECIACION ENERO 2026  SILLA FIORY OPERATIVA 04;;(GCG) dp 96;0,00;4.641,00;-18.564,00
;;GVM CORPORATION GLOBAL VETERINARY MEDICINE S A S;28/02/2026;DEPRECIACION FEBRERO 2026  SILLA FIORY OPERATIVA 04;;(GCG) dp 97;0,00;4.641,00;-23.205,00
;;GVM CORPORATION GLOBAL VETERINARY MEDICINE S A S;31/03/2026;DEPRECIACION MARZO 2026  SILLA FIORY OPERATIVA 04;;(GCG) dp 98;0,00;4.641,00;-27.846,00
;Total 159215 EQUIPO DE OFICINA;;;;;;0,00;27.846,00;-27.846,00
Total SILLA FIORY OPERATIVA 04 ACTIF-154;;;;;;;618.800,00;27.846,00;590.954,00
SILLA FIORY OPERATIVA 05 ACTIF-155;152405 MUEBLES Y ENSERES;;31/12/2025;SALDO INICIAL;;;618.800,00;0,00;618.800,00
;Total 152405 MUEBLES Y ENSERES;;;;;;618.800,00;0,00;618.800,00
;159215 EQUIPO DE OFICINA;;31/12/2025;SALDO INICIAL;;;0,00;13.923,00;-13.923,00
;;GVM CORPORATION GLOBAL VETERINARY MEDICINE S A S;31/01/2026;DEPRECIACION ENERO 2026  SILLA FIORY OPERATIVA 05;;(GCG) dp 96;0,00;4.641,00;-18.564,00
;;GVM CORPORATION GLOBAL VETERINARY MEDICINE S A S;28/02/2026;DEPRECIACION FEBRERO 2026  SILLA FIORY OPERATIVA 05;;(GCG) dp 97;0,00;4.641,00;-23.205,00
;;GVM CORPORATION GLOBAL VETERINARY MEDICINE S A S;31/03/2026;DEPRECIACION MARZO 2026  SILLA FIORY OPERATIVA 05;;(GCG) dp 98;0,00;4.641,00;-27.846,00
;Total 159215 EQUIPO DE OFICINA;;;;;;0,00;27.846,00;-27.846,00
Total SILLA FIORY OPERATIVA 05 ACTIF-155;;;;;;;618.800,00;27.846,00;590.954,00
SILLA FIORY OPERATIVA 06 ACTIF-156;152405 MUEBLES Y ENSERES;;31/12/2025;SALDO INICIAL;;;618.800,00;0,00;618.800,00
;Total 152405 MUEBLES Y ENSERES;;;;;;618.800,00;0,00;618.800,00
;159215 EQUIPO DE OFICINA;;31/12/2025;SALDO INICIAL;;;0,00;13.923,00;-13.923,00
;;GVM CORPORATION GLOBAL VETERINARY MEDICINE S A S;31/01/2026;DEPRECIACION ENERO 2026  SILLA FIORY OPERATIVA 06;;(GCG) dp 96;0,00;4.641,00;-18.564,00
;;GVM CORPORATION GLOBAL VETERINARY MEDICINE S A S;28/02/2026;DEPRECIACION FEBRERO 2026  SILLA FIORY OPERATIVA 06;;(GCG) dp 97;0,00;4.641,00;-23.205,00
;;GVM CORPORATION GLOBAL VETERINARY MEDICINE S A S;31/03/2026;DEPRECIACION MARZO 2026  SILLA FIORY OPERATIVA 06;;(GCG) dp 98;0,00;4.641,00;-27.846,00
;Total 159215 EQUIPO DE OFICINA;;;;;;0,00;27.846,00;-27.846,00
Total SILLA FIORY OPERATIVA 06 ACTIF-156;;;;;;;618.800,00;27.846,00;590.954,00
SILLA OFICINA MESH ACTIF-007;152410 EQUIPOS;;31/12/2025;SALDO INICIAL;;;170.000,00;0,00;170.000,00
;Total 152410 EQUIPOS;;;;;;170.000,00;0,00;170.000,00
;159215 EQUIPO DE OFICINA;;31/12/2025;SALDO INICIAL;;;0,00;153.000,00;-153.000,00
;Total 159215 EQUIPO DE OFICINA;;;;;;0,00;153.000,00;-153.000,00
Total SILLA OFICINA MESH ACTIF-007;;;;;;;170.000,00;153.000,00;17.000,00
SILLA PROFESIONAL ACTIF-024;152405 MUEBLES Y ENSERES;;31/12/2025;SALDO INICIAL;;;219.800,00;0,00;219.800,00
;Total 152405 MUEBLES Y ENSERES;;;;;;219.800,00;0,00;219.800,00
;159215 EQUIPO DE OFICINA;;31/12/2025;SALDO INICIAL;;;0,00;197.820,00;-197.820,00
;Total 159215 EQUIPO DE OFICINA;;;;;;0,00;197.820,00;-197.820,00
Total SILLA PROFESIONAL ACTIF-024;;;;;;;219.800,00;197.820,00;21.980,00
SILLAS AUXILIARES ACTIF-104;152405 MUEBLES Y ENSERES;;31/12/2025;SALDO INICIAL;;;300.000,00;0,00;300.000,00
;Total 152405 MUEBLES Y ENSERES;;;;;;300.000,00;0,00;300.000,00
;159215 EQUIPO DE OFICINA;;31/12/2025;SALDO INICIAL;;;0,00;55.591,00;-55.591,00
;;GVM CORPORATION GLOBAL VETERINARY MEDICINE S A S;31/01/2026;DEPRECIACION ENERO 2026  SILLAS AUXILIARES;;(GCG) dp 96;0,00;2.417,00;-58.008,00
;;GVM CORPORATION GLOBAL VETERINARY MEDICINE S A S;28/02/2026;DEPRECIACION FEBRERO 2026  SILLAS AUXILIARES;;(GCG) dp 97;0,00;2.417,00;-60.425,00
;;GVM CORPORATION GLOBAL VETERINARY MEDICINE S A S;31/03/2026;DEPRECIACION MARZO 2026  SILLAS AUXILIARES;;(GCG) dp 98;0,00;2.417,00;-62.842,00
;Total 159215 EQUIPO DE OFICINA;;;;;;0,00;62.842,00;-62.842,00
Total SILLAS AUXILIARES ACTIF-104;;;;;;;300.000,00;62.842,00;237.158,00
SILLAS CON RUEDAS ACTIF-106;152405 MUEBLES Y ENSERES;;31/12/2025;SALDO INICIAL;;;600.000,00;0,00;600.000,00
;Total 152405 MUEBLES Y ENSERES;;;;;;600.000,00;0,00;600.000,00
;159215 EQUIPO DE OFICINA;;31/12/2025;SALDO INICIAL;;;0,00;109.250,00;-109.250,00
;;GVM CORPORATION GLOBAL VETERINARY MEDICINE S A S;31/01/2026;DEPRECIACION ENERO 2026  SILLAS CON RUEDAS;;(GCG) dp 96;0,00;4.750,00;-114.000,00
;;GVM CORPORATION GLOBAL VETERINARY MEDICINE S A S;28/02/2026;DEPRECIACION FEBRERO 2026  SILLAS CON RUEDAS;;(GCG) dp 97;0,00;4.750,00;-118.750,00
;;GVM CORPORATION GLOBAL VETERINARY MEDICINE S A S;31/03/2026;DEPRECIACION MARZO 2026  SILLAS CON RUEDAS;;(GCG) dp 98;0,00;4.750,00;-123.500,00
;Total 159215 EQUIPO DE OFICINA;;;;;;0,00;123.500,00;-123.500,00
Total SILLAS CON RUEDAS ACTIF-106;;;;;;;600.000,00;123.500,00;476.500,00
SILLAS INTERLOCUTORAS ACTIF-107;152405 MUEBLES Y ENSERES;;31/12/2025;SALDO INICIAL;;;1.000.000,00;0,00;1.000.000,00
;Total 152405 MUEBLES Y ENSERES;;;;;;1.000.000,00;0,00;1.000.000,00
;159215 EQUIPO DE OFICINA;;31/12/2025;SALDO INICIAL;;;0,00;186.875,00;-186.875,00
;;GVM CORPORATION GLOBAL VETERINARY MEDICINE S A S;31/01/2026;DEPRECIACION ENERO 2026  SILLAS INTERLOCUTORAS;;(GCG) dp 96;0,00;8.125,00;-195.000,00
;;GVM CORPORATION GLOBAL VETERINARY MEDICINE S A S;28/02/2026;DEPRECIACION FEBRERO 2026  SILLAS INTERLOCUTORAS;;(GCG) dp 97;0,00;8.125,00;-203.125,00
;;GVM CORPORATION GLOBAL VETERINARY MEDICINE S A S;31/03/2026;DEPRECIACION MARZO 2026  SILLAS INTERLOCUTORAS;;(GCG) dp 98;0,00;8.125,00;-211.250,00
;Total 159215 EQUIPO DE OFICINA;;;;;;0,00;211.250,00;-211.250,00
Total SILLAS INTERLOCUTORAS ACTIF-107;;;;;;;1.000.000,00;211.250,00;788.750,00
TELEVISOR CHALLENGER 43¨LED FHD 43 ACTIF-025;152805 EQUIPOS DE PROCESAMIENTO DE DATOS;;31/12/2025;SALDO INICIAL;;;850.390,00;0,00;850.390,00
;Total 152805 EQUIPOS DE PROCESAMIENTO DE DATOS;;;;;;850.390,00;0,00;850.390,00
;159220 EQUIPO DE COMPUTACION Y COMUNICACION;;31/12/2025;SALDO INICIAL;;;0,00;765.351,00;-765.351,00
;Total 159220 EQUIPO DE COMPUTACION Y COMUNICACION;;;;;;0,00;765.351,00;-765.351,00
Total TELEVISOR CHALLENGER 43¨LED FHD 43 ACTIF-025;;;;;;;850.390,00;765.351,00;85.039,00
"TV PHILIPS 58"" 58PUT6654 4KUHD ACTIF-046 TV PHILIPS 58"" 58PUT6654 4KUHD";152405 MUEBLES Y ENSERES;;31/12/2025;SALDO INICIAL;;;2.114.053,00;0,00;2.114.053,00
;Total 152405 MUEBLES Y ENSERES;;;;;;2.114.053,00;0,00;2.114.053,00
;159215 EQUIPO DE OFICINA;;31/12/2025;SALDO INICIAL;;;0,00;792.750,00;-792.750,00
;;GVM CORPORATION GLOBAL VETERINARY MEDICINE S A S;31/01/2026;"DEPRECIACION ENERO 2026  TV PHILIPS 58"" 58PUT6654 4KUHD";;(GCG) dp 96;0,00;15.855,00;-808.605,00
;;GVM CORPORATION GLOBAL VETERINARY MEDICINE S A S;28/02/2026;"DEPRECIACION FEBRERO 2026  TV PHILIPS 58"" 58PUT6654 4KUHD";;(GCG) dp 97;0,00;15.855,00;-824.460,00
;;GVM CORPORATION GLOBAL VETERINARY MEDICINE S A S;31/03/2026;"DEPRECIACION MARZO 2026  TV PHILIPS 58"" 58PUT6654 4KUHD";;(GCG) dp 98;0,00;15.855,00;-840.315,00
;Total 159215 EQUIPO DE OFICINA;;;;;;0,00;840.315,00;-840.315,00
"Total TV PHILIPS 58"" 58PUT6654 4KUHD ACTIF-046 TV PHILIPS 58"" 58PUT6654 4KUHD";;;;;;;2.114.053,00;840.315,00;1.273.738,00
"TV SAMSUNG 55""55QN85 MiniLD4K ACTIF-057 TV SAMSUNG";152805 EQUIPOS DE PROCESAMIENTO DE DATOS;;31/12/2025;SALDO INICIAL;;;2.799.930,00;0,00;2.799.930,00
;Total 152805 EQUIPOS DE PROCESAMIENTO DE DATOS;;;;;;2.799.930,00;0,00;2.799.930,00
;159220 EQUIPO DE COMPUTACION Y COMUNICACION;;31/12/2025;SALDO INICIAL;;;0,00;1.805.957,00;-1.805.957,00
;;GVM CORPORATION GLOBAL VETERINARY MEDICINE S A S;31/01/2026;"DEPRECIACION ENERO 2026  TV SAMSUNG 55""55QN85 MiniLD4K";;(GCG) dp 96;0,00;41.999,00;-1.847.956,00
;;GVM CORPORATION GLOBAL VETERINARY MEDICINE S A S;28/02/2026;"DEPRECIACION FEBRERO 2026  TV SAMSUNG 55""55QN85 MiniLD4K";;(GCG) dp 97;0,00;41.999,00;-1.889.955,00
;;GVM CORPORATION GLOBAL VETERINARY MEDICINE S A S;31/03/2026;"DEPRECIACION MARZO 2026  TV SAMSUNG 55""55QN85 MiniLD4K";;(GCG) dp 98;0,00;41.999,00;-1.931.954,00
;Total 159220 EQUIPO DE COMPUTACION Y COMUNICACION;;;;;;0,00;1.931.954,00;-1.931.954,00
"Total TV SAMSUNG 55""55QN85 MiniLD4K ACTIF-057 TV SAMSUNG";;;;;;;2.799.930,00;1.931.954,00;867.976,00
VITRINA ACTIF-114;152405 MUEBLES Y ENSERES;;31/12/2025;SALDO INICIAL;;;887.502,00;0,00;887.502,00
;Total 152405 MUEBLES Y ENSERES;;;;;;887.502,00;0,00;887.502,00
;159215 EQUIPO DE OFICINA;;31/12/2025;SALDO INICIAL;;;0,00;139.776,00;-139.776,00
;;GVM CORPORATION GLOBAL VETERINARY MEDICINE S A S;31/01/2026;DEPRECIACION ENERO 2026  VITRINA;;(GCG) dp 96;0,00;6.656,00;-146.432,00
;;GVM CORPORATION GLOBAL VETERINARY MEDICINE S A S;28/02/2026;DEPRECIACION FEBRERO 2026  VITRINA;;(GCG) dp 97;0,00;6.656,00;-153.088,00
;;GVM CORPORATION GLOBAL VETERINARY MEDICINE S A S;31/03/2026;DEPRECIACION MARZO 2026  VITRINA;;(GCG) dp 98;0,00;6.656,00;-159.744,00
;Total 159215 EQUIPO DE OFICINA;;;;;;0,00;159.744,00;-159.744,00
Total VITRINA ACTIF-114;;;;;;;887.502,00;159.744,00;727.758,00
Total general;;;;;;;1.457.101.001,00;275.676.142,00;1.181.424.859,00
;;;;;;;;;
;;;;;;;;;
Total Movimientos Débito y Crédito;;;;;;;84.068.100,00;28.700.496,00;
